コンテンツ,動画のタイトル,動画公開時刻,長さ,平均視聴時間,平均視聴率 (%),視聴回数,総再生時間（単位: 時間）,チャンネル登録者,推定収益 (JPY),インプレッション数,インプレッションのクリック率 (%)
合計,,,,0:06:09,38.03,4923950,472258.5707,54104,2593832.043,65572071,4.7
4Zsk228DWM4,「買わなきゃ損」腸活を極めたプロのおすすめ無印良品食品6選が美味しすぎた,"Nov 1, 2025",796,0:03:50,28.92,591481,37806.995,6123,252915.991,9335328,4.66
OAlxKREPnHI,【超有料級】7年ぶりに腸活のプロをコストコに連れて行ったら、選び方が凄すぎた！【Costco】,"Feb 7, 2026",1403,0:08:02,34.38,278113,37264.1264,7092,192879.445,4998290,4.41
fpAnuNrRW6E,「毎日食べてます」腸活を極めたプロが厳選した1日のフル食を大公開！,"Oct 21, 2025",986,0:06:14,37.99,344552,35847.2137,6991,205875.762,5430122,4.35
q_HmklMR8Z8,【忖度無し】四毒抜きについて腸活のプロに聞いてみたら、意外な反応でした…,"Dec 20, 2025",1192,0:08:21,42.09,180905,25213.2714,3073,121172.371,2403031,5.42
KItK4-zpOo4,【保存版】スーパーで買える最強の腸活ヨーグルト7選をプロが徹底比較！,"Apr 25, 2026",1046,0:05:59,34.35,165857,16552.2361,954,84891.189,2295079,5.29
foN_vLVqGvU,【有料級】腸活を極めたプロが実際に行っている朝のルーティンを大公開！,"Dec 13, 2025",1143,0:08:32,44.83,110667,15753.0219,1376,88177.114,1663143,4.43
Fe7LZi7k0ZI,腸内細菌の第一人者に老化と腸活の新常識を聞いたら、衝撃すぎた...【内藤裕二】,"Dec 27, 2025",1787,0:11:32,38.76,79641,15323.5773,901,64324.885,1116246,4.77
jhr2uboaFbM,【カルディ腸活】美味しいのに腸に最高なKALDI食品5つをプロが見つけてきました！,"Nov 29, 2025",1097,0:06:40,36.49,130717,14535.6125,1321,88780.453,1973071,4.94
q7lQ_TgP8bk,【トレーニー必見】筋トレで老けます！腸活のプロが語るプロテインの飲み過ぎで寿命が縮む理由,"Apr 4, 2026",1117,0:06:47,36.46,126120,14266.6243,2538,60792.049,2551373,3.54
MLkAkPDZApU,「毎日飲んでます」腸活を極めたプロが厳選した最強サプリ5選,"Sep 20, 2025",960,0:05:22,33.62,109167,9786.5505,1242,67086.861,1275920,5.72
2vC5p-DyxUA,【コストコ爆買い】腸活を極めたプロがCOSTCOで絶対に買う商品を大公開！,"Feb 14, 2026",879,0:06:51,46.84,80952,9258.3053,948,61867.833,949849,5.8
XOjHpeMguww,中野優作の腸内がヤバすぎた...働き続けられる理由を腸活のプロが徹底解説,"Sep 27, 2025",1694,0:08:22,29.64,113743,8508.3347,502,11682.995,246382,4.37
XFlaHS5ldqM,【腸活は口腔内から】歯科医が教える腸活の盲点、究極の歯磨き粉5選,"Mar 10, 2026",1031,0:04:28,26.05,108514,8094.6423,646,65818.227,1649237,4.96
u0b4kZX1bXI,【プロテイン難民必見】腸活を極めたプロがおすすめする老けを防ぐ最強商品5選が凄すぎた！,"Apr 28, 2026",1186,0:06:09,31.17,64148,6585.0628,560,44082.808,888241,5.26
_uoj9RczUKw,「行かなきゃ損」腸活を極めたプロが成城石井で絶対に買う食品を紹介します！,"Jan 10, 2026",1196,0:07:23,37.07,51848,6386.1133,568,33715.034,806607,4.51
g3WmjlGyCAs,【保存版】腸活プロが実際に毎日行っている夜の快眠ルーティンを一挙大公開！,"Dec 23, 2025",1143,0:08:52,46.59,42446,6278.2051,199,32248.58,553306,5.22
arAbsMeBV30,【やってはいけない】腸活のプロが暴露する老化を加速させる習慣5選,"Oct 14, 2025",863,0:07:19,50.92,49824,6081.4213,490,33081.816,570337,5.72
6kfVqAVPL0M,【超一流の習慣】元ゴールドマンサックス田中渓のルーティンを腸活のプロが徹底解説,"Jul 4, 2026",1283,0:08:57,41.88,37947,5662.9816,302,19794.114,641898,4.02
LXdb40PRb-8,「怖いですね...」腸活の専門家が絶対に食べない食品添加物5選,"Sep 23, 2025",802,0:06:57,52.03,45631,5288.7028,395,28089.234,465819,5.36
KJhUESOvWn4,【整腸剤】ビオフェルミン・エビオス錠など人気のオススメ6選を腸活のプロが徹底解説！,"May 12, 2026",1110,0:07:05,38.31,44397,5243.1614,323,27943.12,825139,3.68
DTJB4ZB7DBU,【有料級】腸活のプロがコンビニで絶対に買う美味しすぎる食品5選,"Oct 28, 2025",834,0:05:43,41.19,49919,4762.5664,426,30250.609,609339,5.84
ftI5JQA9mkM,「薄毛が気になる人へ」ハゲやすいNG習慣5つを腸活のプロが警告します。,"Nov 11, 2025",765,0:03:44,29.41,74380,4647.7556,599,29590.779,1204425,4.81
XxBa5MQbDTQ,疲れやすい人必見！日々のパフォーマンスを劇的に上げる腸活法5選,"Sep 16, 2025",686,0:05:56,51.95,45501,4504.053,420,26769.371,448700,6.43
VrSNwHnIfRI,【スタバで腸活】プロがおすすめするダイエットにも効くスターバックスの頼み方を大公開【Starbucks】,"Jun 16, 2026",1621,0:10:25,38.56,25910,4498.2611,111,20702.519,455948,3.88
zAxnATVENso,美肌は腸活から！菌ケアのプロが実際にやっている最強美容法を教えます！,"Jan 6, 2026",1006,0:08:31,50.82,30926,4391.624,183,22144.145,345169,4.84
z34UKW6sjuE,【2025年版】勘違いしがちなグルテンフリーの落とし穴5選,"Oct 11, 2025",1059,0:08:19,47.16,31639,4389.6722,240,17015.238,425841,4.92
XlKKa2fkaMg,【最強の朝食】腸活のプロが辿り着いた努力ゼロで腸内環境を整える最短2品,"Mar 21, 2026",1176,0:07:01,35.88,37357,4378.2871,176,31074.5,521557,5.06
8bzfdNW_Tjs,甘いものは全部ダメ？砂糖・人工甘味料・フルーツを腸活のプロが徹底比較【四毒抜き】,"Jan 24, 2026",1139,0:08:07,42.78,30266,4096.4294,196,18198.515,326326,6.56
Myd4I8gvQoY,【徹底分析】元・ゴールドマンサックス田中渓の腸内を覗いてみたら、驚きの結果が出ました...,"Jul 11, 2026",1276,0:09:53,46.55,24419,4028.6974,80,16650.819,274697,6.33
7OVWlbwshQM,「コレは食べません！」腸活のプロがコンビニで絶対に買わない食品５選,"Oct 25, 2025",884,0:07:05,48.14,33521,3962.3786,279,19617.166,409095,4.16
UzIpwlPHYT8,クレンジングオイル9割が間違い！肌質別3選を腸活プロが教えます！,"Jan 13, 2026",1496,0:09:25,37.78,24895,3908.1614,174,22885.275,390133,3.74
JuPE9_tPXvg,【40代の腸活】20代より動ける！腸活プロの血糖値と腸内環境を支配する究極習慣,"Mar 3, 2026",1396,0:08:59,38.64,25575,3831.7061,131,25357.992,384486,4.68
yJrWDT6BBS4,【昼飯・寝酒・早食い】現代人の腸活が崩れるNG習慣5選をプロが解説！,"Feb 21, 2026",925,0:07:05,45.97,29937,3535.9162,130,20648.147,370903,5.23
7Z22O2Xl768,【99%がやってしまう】腸活の落とし穴を5つ、プロが解説します,"Sep 30, 2025",939,0:07:23,47.22,28392,3496.7391,192,13111.88,393918,4.95
RKohLj1qvTU,腸活でストレス回避！プロが実際にやっている対策5つを紹介します。,"Nov 15, 2025",867,0:07:29,51.85,27530,3437.9073,172,22110.876,290162,5.12
JSpBuc-fz4A,【保存版】絶対に食べてはいけないNG成分7選を腸活プロが警告！,"Feb 17, 2026",882,0:07:06,48.36,28779,3409.8611,224,22066.738,360607,5.23
d30DUk5VH-4,【幼少期・思春期・40代・60代別】年代別腸活のやり方をプロに聞いてみた,"Feb 3, 2026",1003,0:07:01,42.02,28420,3327.3027,363,23596.758,464997,4.69
m3vg3hVYZiU,【警告】お酒を飲むと腸内で何が起きる？腸活のプロが数千人分のデータで判明した衝撃の結果をお伝えします,"Aug 4, 2026",1153,0:07:08,37.18,25768,3067.6355,212,12448.845,428716,4.43
lcI92HposcE,【超有料級】腸活のプロが惚れた麹・甘酒専門店が宝庫すぎた！【神楽坂MURO】,"Jun 13, 2026",1714,0:09:01,31.62,20211,3042.8669,126,19256.601,376509,3.54
R8xjJXinAnc,【腸活お菓子】無印良品でプロがおすすめするおやつ6選が間違いなかった！,"Mar 17, 2026",977,0:06:38,40.75,26904,2975.1123,88,21578.568,356798,5.47
5dZ7Q3Brmws,【衝撃】納豆やもち麦が逆効果？腸活でお腹が張る原因と放置NGな人の特徴,"Apr 7, 2026",886,0:06:03,41.04,27556,2783.0876,112,14928.751,359374,5.09
D5apYCSVsnw,【腸活におすすめの水】便秘・下痢・胃もたれを解消する正しい水の選び方を徹底解説,"Jun 30, 2026",1403,0:08:50,37.81,17990,2650.3031,67,12276.176,262929,4.9
n0Xc-VZBbWU,【お茶で腸活】腸活のプロが毎日飲むおすすめのお茶6選,"Jul 7, 2026",1252,0:09:14,44.32,16676,2569.9984,45,11208.614,216608,5.32
kAPOcQYlfjs,【2026年最新】腸活を極めたプロが本気で選ぶおすすめ最強サプリ7選！,"May 26, 2026",1286,0:07:00,32.7,21937,2562.0987,96,19259.812,261834,5.96
Qo9c5EDfTYA,【腸漏れ】今すぐやめて！腸活のプロが教えるあなたも食べてるNG食品5選,"Oct 18, 2025",741,0:05:55,48,25245,2494.1195,141,13924.729,261417,6.44
yIXry-BKc2s,【衝撃】腸活を台無しにする血糖値スパイクの恐怖と対策5選をプロに聞いてみた,"Jan 20, 2026",1310,0:09:52,45.23,14724,2423.1431,92,11548.684,219216,4.22
hItyY347ZTQ,【頭皮ケア3選】腸活のプロが選ぶ最強シャンプー！薄毛やニオイを解決する菌ケアの真実,"Apr 14, 2026",1095,0:05:24,29.63,26452,2384.1336,136,13952.8,381263,5.07
-dj7GRjfols,【納豆腸活】スーパーで買える9種類をガチ比較してわかった衝撃の事実...,"Jul 25, 2026",1308,0:07:59,36.65,17709,2357.1087,48,11746.795,251520,5.47
9IpHvWikDeE,【たんぱく質・脂質・炭水化物】アメリカで大炎上中の新常識に腸活プロが物申す,"Feb 10, 2026",856,0:06:50,47.99,19646,2241.7282,99,11043.986,308071,4.25
HTONG32Uirk,【結論】コーヒーは腸活に良い？悪い？プロが最新のデータをもとに白黒つけます,"Aug 8, 2026",1074,0:07:58,44.51,16696,2214.9279,85,10596.615,285128,4.49
bFf7gG37IHY,【腸活台無し】今すぐやめてほしいNGダイエット5選をプロが解説します！,"Nov 8, 2025",1099,0:09:31,51.97,13735,2179.0919,58,10621.082,221812,3.46
yMPPcP8B3Pw,腸活初心者の腸内フローラ検査結果が出たので、プロに診断してもらいました...,"Jan 27, 2026",1198,0:08:08,40.75,15890,2154.4399,71,10555.766,219495,5.28
BKST-LYtgng,腸活プロの腸内を腸内細菌の第一人者にガチレビューしてもらった...【内藤裕二】,"Dec 30, 2025",1270,0:09:35,45.28,13134,2098.0131,101,10103.004,182115,4.41
6gXPi1v0lWc,【下痢・胃もたれ解消】腸活を極めたプロが最近ハマっている麹の凄さ3選を徹底解説！,"Jun 2, 2026",1180,0:08:27,42.98,14558,2050.5144,52,10874.28,185322,4.98
Y6S5J-gRflo,【有料級】腸活のプロも毎日飲むビタミンDが実はとても重要でした...！,"Jan 31, 2026",967,0:06:29,40.32,18611,2015.5349,124,13518.248,262656,4.81
gojq1SlETuM,【豆乳腸活】プロが市販で買える豆乳を徹底比較！毎日飲むならどれを選ぶ？,"Aug 1, 2026",1397,0:09:01,38.79,12837,1931.4414,20,8263.54,209860,4.66
GseOWsz2ewA,コレで便秘も怖くない！腸活プロがおすすめの最強サプリ＆対策5選を大公開！,"Nov 22, 2025",689,0:04:41,40.84,23852,1864.4415,100,11964.326,281980,5.98
YUrJveu8ngo,無印良品が大好きな腸活のプロも、コレは買いません...,"Nov 4, 2025",722,0:05:08,42.69,20301,1738.1822,110,12400.182,237988,5.5
riQUGM2XQEQ,【オリーブオイル・亜麻仁油・えごま油】腸内環境が激変！腸活のプロがおすすめする最強油9選,"May 2, 2026",975,0:08:09,50.2,12674,1723.2265,32,8592.933,170089,4.68
epR7yDxixnM,【衝撃】生野菜が健康は嘘！おすすめ冷凍野菜5選を腸活プロが厳選！,"Feb 24, 2026",692,0:05:41,49.37,17780,1686.9742,65,11843.642,196488,6.48
SPa3w-FVMns,腸活が逆効果...プロがカルディで絶対に買わない商品4つを解説！【KALDI】,"Dec 2, 2025",931,0:06:49,44,14772,1680.8039,95,10438.459,197905,5.23
YXripGV39lc,【睡眠・ダイエット】腸活を極めたプロおすすめの最強サプリがやばすぎた・・・,"Nov 25, 2025",801,0:04:41,35.14,20878,1632.3968,175,14099.558,168075,6.56
8zhNoEVh7HM,痩せ菌･デブ菌とは？スーパーで買えるダイエットにおすすめのヨーグルトを紹介,"Sep 30, 2023",1058,0:05:14,29.71,18601,1623.8835,97,9612.004,187158,7.01
sptKHuMfdRE,腸活を極めたプロが厳選！ダイエットに効く痩せ菌3選,"Sep 13, 2025",669,0:05:45,51.62,16720,1603.9531,75,7481.081,216566,5.29
FxFgqvkZ_Hs,「忙しくて寝る時間がない」それでも仕事の質を落とさない腸活術,"Sep 6, 2025",974,0:07:46,47.93,11845,1535.8522,118,6727.22,149476,4.62
QuZBV9fCo_c,下痢・便秘・腹痛...その原因、過敏性腸症候群（IBS）？腸活プロが予防法をお教えします。,"Nov 18, 2025",722,0:04:36,38.28,19599,1504.6006,142,10049.142,276272,5.05
AeA2yAndSVA,「7年風邪引いてません」腸活のプロが免疫力を上げた習慣５つ、伝授します。,"Oct 4, 2025",594,0:05:09,52.16,16871,1451.9408,134,8697.299,209674,5.14
yvOR15HO1PI,【2025最新】ファスティングの新常識と正しいやり方を腸活プロが教えます！,"Dec 16, 2025",1149,0:09:06,47.55,9424,1430.3581,64,5647.87,205660,3.14
PNv3p2xlIiY,腸活中もパスタを食べたい！グルテン置き換え商品5選が美味しすぎた・・・,"Dec 9, 2025",880,0:06:54,47.08,12417,1429.0006,62,8823.722,164577,4.4
3P_KyaGiYGg,失敗しない”ぬか漬け”の作り方。初めての｢ぬか床｣作りでよくある失敗と対策方法を解説します,"Jan 10, 2024",621,0:04:45,45.93,17587,1393.1796,192,7877.357,198629,6.23
Mdv8karYiA8,【コスパ最強】業務スーパーで腸活を極めたプロがおすすめする最強食品7選,"Jul 14, 2026",917,0:06:40,43.68,12053,1340.9305,40,7123.732,184203,4.94
5qYuEWM0b3E,【口内ケアと最強歯ブラシ】腸活の効果を半減させる口腔内の炎症を止める習慣を教えます！,"Apr 11, 2026",1110,0:08:05,43.73,9844,1327.0857,36,12477.184,158859,4.09
2bDFJP6G5VI,【加齢臭・ワキガ】若いからと油断できない！腸活のプロが教える体臭ニオイ対策,"Jun 23, 2026",963,0:06:28,40.36,12198,1317.0186,87,8278.337,269731,3.39
JRbc-YVsqhc,【サイゼで腸活】週末は家族でサイゼリヤ！外食中でも食べられる最強メニューをプロが大公開,"Jun 6, 2026",867,0:06:35,45.61,11717,1287.0146,30,6597.079,159553,4.84
noE952NPTl8,【おならが臭い人】腸活のプロが教える「臭い」の原因と今すぐできる対策5選,"Aug 18, 2026",1126,0:08:56,47.69,8605,1282.6597,14,5930.647,121950,5.07
Ttb-1FEtIIg,【鉄不足】健康診断では見落とされる...健康のために飲む鉄剤が腸を壊していた…,"Jul 21, 2026",1223,0:08:23,41.13,9082,1269.1613,17,6233.315,131553,4.75
rTMJrBPWhlI,今日からできる！腸活で10歳若返る超簡単アンチエイジング5選をプロが教えます。,"Oct 7, 2025",678,0:05:48,51.46,12588,1220.0917,49,6439.529,158197,5.11
VQN4Gf-M9wM,【9割の人がやってる】腸活のプロが明かす睡眠の質を爆下げする5つのNG習慣,"May 9, 2026",937,0:07:58,51.05,9103,1209.3241,20,6527.66,127097,5.1
K-Dkn0HqG_Q,【iHerb腸活】赤ちゃん・IBS・便秘に効くおすすめ海外サプリ5選が凄すぎた...,"Jul 28, 2026",866,0:05:17,36.63,13558,1194.0272,60,14841.665,204564,4.76
lWb6zrAimkA,【買わなきゃ損】腸活のプロが久世福商店で絶対に買う毎日食べたい食品5選が美味しすぎた！,"Apr 21, 2026",1030,0:06:52,40.03,9808,1123.3078,44,6523.997,153822,4.52
TzjgkADSGtw,【2026年最新】痩せ菌がない方が効く！？腸活のプロが教えるダイエット腸活,"Aug 11, 2026",1077,0:08:00,44.57,8395,1118.6412,13,5963.867,107668,5.83
i6Le-YPNuP0,"【ぬか漬け】スーパー善玉菌""酪酸菌""が摂れる｢ぬか漬け｣の最強効果を菌の専門家が解説します。","Jan 8, 2024",554,0:04:07,44.6,15853,1087.7752,186,5110.465,185006,6
4CbE6o4QEHA,【ガストで腸活】ファミレスは体に悪いは嘘！？プロが実際に頼む最強メニュー8選,"Jun 20, 2026",1227,0:08:22,40.94,7777,1084.941,7,5771.424,127689,4.03
Z2BajN3YWDc,口臭の原因は〇〇だった！？今すぐできる！口臭対策,"Oct 10, 2023",953,0:05:17,33.26,11779,1037.2138,81,6411.636,178526,3.71
Doasvik4Prw,【腸活ダイエット】むくみ解消で見た目激変！腸活のプロも実践する即痩せ習慣6選,"May 23, 2026",829,0:07:04,51.27,7901,932.6393,26,5987.63,110747,5.11
yLKVe8YVzcw,【認知症予防】生活習慣で45%防げる！？腸活のプロが解説する脳のゴミを掃除する最強習慣,"May 19, 2026",1091,0:09:41,53.32,5712,922.7536,11,4651.909,87557,3.74
2cf76qui57I,【グルテンフリーは意味がない!?】グルテンを意識すべき人と､グルテンフリーの意外な落とし穴を解説します,"Jan 5, 2024",587,0:03:40,37.57,14446,884.8443,80,4867.234,213801,4.58
5fuRCrvxDOk,【9割が買ってる】気付かず腸内を壊す腸活を極めたプロが絶対に摂らない油9選,"May 5, 2026",966,0:07:07,44.24,7439,883.1067,19,3616.349,116223,4.5
vDFa_tknpz8,【健康診断で引っかかった人】コレステロールが高い人ほど知っておきたい腸活とは？,"Aug 22, 2026",1094,0:07:30,41.21,7152,882.4747,19,4305.798,106753,4.9
J1dMgqnT8q4,【エナジードリンク徹底比較】人口甘味料が血糖値と腸活に与える「最悪の影響」を解説！,"Feb 28, 2026",1108,0:07:50,42.47,6310,824.7782,11,5106.187,109183,3.65
xUYBmBc317A,【衝撃】無添加でも腸には最悪！腸活プロが久世福商店で絶対に買わない商品5選が意外すぎた...,"Apr 18, 2026",924,0:06:27,41.9,7634,820.987,32,5563.127,113587,4.87
6DFwGS4SUCY,【衝撃】1時間の散歩より1分のダッシュが効く？最新研究が明かす驚きの腸活術,"Mar 31, 2026",900,0:06:48,45.36,7088,803.7998,10,4723.85,115564,4.31
5SuO_jQnxUM,【大戸屋で腸活】健康そうに見えても要注意？腸活のプロが本気で選ぶベスト5,"Aug 15, 2026",1332,0:08:19,37.47,5772,800.3158,-2,3369.091,100390,4.2
-iUN_L6dDO4,【イライラ解消】なぜか怒りっぽいあなたのストレスを腸活のプロが即効で消します！,"Jun 27, 2026",1057,0:08:18,47.13,5705,789.5317,4,3831.196,92063,4.15
O2qpRQFrvqo,【睡眠不足じゃない】寝ても疲れが取れない人の腸活,"Aug 25, 2026",1051,0:07:47,44.45,6166,786.7314,3,2638.358,77603,5.72
qXcXtDzzZCA,実は口臭の原因は腸！歯磨きだけでは足りない！腸活プロが対策と新常識を語ります！,"Dec 6, 2025",1067,0:07:18,41.06,6348,772.498,43,3387.326,117350,3.07
Pbtan6qxJfk,オートファジーの衝撃効果を徹底解説【前編】,"Oct 19, 2023",829,0:05:01,36.42,8645,724.873,52,3647.866,123168,4.67
P9u9J6AvVt0,【クレンジング徹底比較】肌の乾燥は〇〇が原因?! 正しい選び方＆おすすめクレンジングを紹介します【専門家が解説】,"Dec 22, 2023",1197,0:03:51,19.31,10720,688.2064,73,4388.238,210505,2.18
aKDOIIfaiV8,【最強の腸活チェーン店】プロが“最高”と絶賛した「しんぱち食堂」で選ぶべき定食5選,"Jul 18, 2026",1087,0:06:09,34,6703,688.101,5,3931.494,97928,5.03
ofItnWEaDd4,【腸活鍋】食物繊維量がバグってる？オイシックスを腸活プロが忖度なしに実食してみた【Oisix】,"Mar 28, 2026",1405,0:06:22,27.26,6197,659.2149,1,4972.739,104308,4.35
hZG0BZjJlTk,【大暴露】YouTubeでは絶対に言えない腸活業界の裏側と忖度なしの本音を全て話します！,"Mar 14, 2026",881,0:05:47,39.47,6694,646.5366,10,4941.371,100344,4.84
KU4-sRJXZlk,【腸活vlog】腸活を極めたプロが大絶賛する鹿児島・霧島が最高すぎた！,"May 16, 2026",1490,0:08:32,34.43,3875,551.9811,-2,2678.769,67721,4.03
A_oyAx5GWMc,肌の老化原因｢糖化｣を抑える物質｢アミノグアニジン｣とは？肌の老化を防ぐ習慣･食事を徹底解説【菌の専門家が解説】,"Nov 27, 2023",597,0:04:46,47.99,6712,534.0534,31,3430.11,74518,5.92
uqbND_z58MA,８週間で３歳も若返り？20年もの老化研究でわかった｢老化を防ぐ習慣･食事｣,"Sep 23, 2023",1068,0:07:41,43.18,3994,511.6544,16,2410.76,46101,5.08
NOsAA1epYp8,【9割が体感】腸活サプリが効く人と効かない人の決定的な違いをアンケート結果から紐解く,"Mar 7, 2026",1102,0:07:33,41.17,3980,501.489,5,3642.421,85422,3.17
tIx3EYxm9xk,【腸活プロ】旅行の朝ルーティン大公開！霧島で整うリーダーのアンチエイジング旅,"May 30, 2026",2008,0:08:54,26.6,3317,492.1358,-1,2707.322,65114,3.49
n7mTMO1soQs,【納豆効果の秘訣】スーパー成分｢ポリアミン｣とは？栄養価を意識した納豆の選び方,"Nov 6, 2023",888,0:06:35,44.55,4421,485.8571,17,2587.626,54942,4.76
-zdz2Foas6Q,体臭や加齢臭は〇〇が原因?! 体臭や疲労臭のニオイ対策を徹底解説,"Nov 21, 2023",474,0:02:45,34.96,9978,459.1169,42,2339.595,170898,4.07
9-yOgWcUhUI,【妊活と腸活】知らなきゃ損！腸内環境から変える妊娠しやすい体づくり,"Mar 24, 2026",1021,0:07:09,42.08,3811,454.8224,16,2600.089,116611,2.49
9DVJwwIn2zY,【腸活してからサウナに入れ】プロが語る腸内環境を壊す恐ろしい入り方3選,"Jun 9, 2026",890,0:07:04,47.7,3647,430.0648,0,2406.912,71845,3.48
R1FrmwKeMEI,【最強の健康食品】納豆の効能８選と選び方、10倍効果が出る食べ合わせまで納豆を完全解説します,"Mar 15, 2024",730,0:04:02,33.17,5985,402.5714,22,,112040,3.82
7yQkFbbqChw,｢ファスティング｣の効果とやり方を徹底解説,"Sep 8, 2023",720,0:04:35,38.25,4884,373.5172,11,2296.297,72817,4.48
ZB0vnrL3AVg,お茶の淹れ方・選び方／氷水出しで睡眠の質UP？！緑茶のカフェイン苦手な方は〇〇を飲んでください,"Dec 29, 2023",721,0:04:50,40.3,4395,354.6108,22,1743.102,64071,4.54
T4OgdJ48aYk,「ウコン・ヘパリーゼやめとけ」酒飲みすぎた人の二日酔い解消腸活術5選,"Sep 9, 2025",640,0:04:20,40.64,4815,347.8385,30,1814.332,71637,3.86
2N2ZLfCiPck,"【味噌は選び方が9割】正しい味噌の選び方と自然栽培×自然発酵の""最強味噌""を紹介します！","Dec 18, 2023",542,0:02:59,33.06,6917,344.2358,206,4365.741,40514,5.59
0hqmsE9PTzM,下川先生のなんでもお悩み相談室 #1,"Jul 20, 2026",1776,0:07:20,24.83,2740,335.5704,1,,39705,4.65
ekBMS6c46XA,【こばとも先生コラボ】赤ら顔で悩んでる方必見！酒さの症状・原因・改善法を完全解説！,"May 31, 2024",1086,0:07:44,42.76,2601,335.508,5,,74089,1.45
xsytECoucwg,【納豆✖️キムチ】効果10倍？糖化菌･乳酸菌･デンプンが一度に取れる最強レシピ,"Nov 29, 2023",427,0:02:29,35.08,7834,325.9074,31,1924.787,75885,6.58
43vnygouods,腸活のプロが遂にあの大物ビジネスインフルエンサーと腸活始めます！,"Jan 17, 2026",822,0:05:49,42.49,3168,307.387,2,1948.509,81995,2.79
o6c2LL2LDAU,【口臭ケア】今すぐ舌を磨いてください #shorts,"Oct 14, 2023",19,0:00:20,106.18,108684,307.3356,20,1278.55,363845,7.14
7-F39EpIL4A,【スーパーフード納豆】菌の専門家が解説！納豆の最強8大効果とは！？,"Nov 3, 2023",612,0:03:58,39.05,4196,278.4742,10,1623.289,74349,4.03
GpAkXWj-7Vo,ニキビを最速で治す方法＆ニキビの予防法を徹底解説します【前編】,"Oct 14, 2023",795,0:05:53,44.4,2340,229.4519,8,1304.137,38118,3.6
AvhX8hb4-pk,【体臭に悩む人へ】体臭予防にボディソープはNG?! 体臭改善＆対策法を徹底解説,"Nov 22, 2023",445,0:03:10,42.86,4143,219.4869,24,976.366,47723,4.57
X8TRi80OIIs,過敏性腸症候群(IBS)におすすめの食事「低FODMAP食」とは？,"Nov 17, 2023",456,0:03:36,47.56,3521,211.9374,25,965.773,47100,4.85
G4SF-EITfVE,肌の老化は｢糖化｣が原因？肌のシミ･しわ･たるみの予防と改善法を徹底解説,"Nov 24, 2023",636,0:05:39,53.3,1957,184.2922,6,1084.738,23214,4.12
gBeJ49i-dhM,夜の緑茶1杯で痩せ体質!?時間栄養を徹底解説します,"Oct 7, 2023",749,0:06:01,48.3,1722,173.045,1,922.632,48462,2.22
9LjZgVuDSqc,"あの！廣田なおさんに｢菌ケア｣を伝授！""断食""のコツ＆腸内環境を整える食事法を解説します【初コラボ✨】","Dec 8, 2023",1152,0:07:02,36.63,1439,168.6944,3,820.846,33187,2.03
UD7WdwKXNP8,緑茶がもたらす8つの健康効果！緑茶うがいでインフルエンザを予防？！,"Dec 27, 2023",623,0:04:36,44.39,2166,166.3924,7,934.53,35302,3.92
9OwdH0GeYSw,老化を遅らせる？20年もの老化研究でわかった｢本当の老化｣とは,"Sep 21, 2023",741,0:05:01,40.65,1979,165.5727,10,1100.537,39728,3.02
tP7pzerYi5o,日本中の納豆を徹底調査！自然栽培×自然発酵×天然の納豆菌をついに発見！？,"Nov 8, 2023",1075,0:05:23,30.07,1785,160.2939,5,933.42,28620,3.88
aFY3zWKs2RU,｢脳腸相関｣ 脳と腸の意外な関係,"Sep 28, 2023",761,0:05:50,46.09,1609,156.7565,9,722.487,29202,3.19
AWO-tSQ_oSk,【スーパーフード味噌】がもたらす５つの健康効果を徹底解説,"Dec 15, 2023",561,0:03:55,41.9,2048,133.7296,15,821.086,31204,4.14
l8doGyrtx1g,創業107年の味噌蔵で衝撃..！天然の麹菌を自家採取!? 無添加･自然栽培の味噌を作る｢マルカワみそ｣に密着取材しました！,"Jan 24, 2024",1561,0:08:33,32.92,858,122.46,9,673.981,40799,1.19
F-Ez-HLsc5k,【頭のフケ・かゆみ・抜け毛】頭皮悩みの原因と対策を徹底解説！,"Apr 26, 2024",634,0:04:55,46.62,1468,120.519,6,508.133,52036,1.77
l_SU3Ouxi50,スキンケアだけじゃ甘い！？肌のくすみを改善するインナーケアと睡眠法を徹底解説！,"Feb 23, 2024",495,0:03:49,46.39,1800,114.8116,0,652.68,38100,3.25
B32WB1GCqRY,【老化を遅める】根本的にターンオーバーを整える方法とおすすめのスキンケア,"Mar 8, 2024",410,0:03:13,47.3,2122,114.0755,7,634.423,54081,2.64
KT3Crevgehs,｢ファスティング｣の落とし穴と対策を徹底解説,"Sep 14, 2023",691,0:05:48,50.4,1059,102.4545,7,520.891,18244,2.81
bPw1SJPYSR0,それ過敏性腸症候群(IBS)かも!? 菌の専門家が徹底解説【前編】,"Nov 15, 2023",463,0:03:44,48.46,1606,100.1022,5,426.309,22450,4.24
HsUsHvKnX5E,原材料診断！ヨーグルト編！#kins #腸活 #ヨーグルト,"May 28, 2026",23,0:00:32,142.24,27665,98.7568,4,389.039,79602,5.58
1aDJnYFsGIo,ニキビが増える間違ったスキンケアを徹底解説【後編】,"Oct 17, 2023",624,0:04:59,47.94,1181,98.0634,4,424.9,23485,2.55
b_8vH2i0HHc,【知らないとヤバい】口が臭い原因は古い銀歯かも？ #shorts,"Oct 12, 2023",23,0:00:23,102.07,23329,86.536,20,261.673,122648,6.6
jHLDb7x6Lic,腸活を極めたプロが厳選！ダイエットに効く痩せ菌3選 #ダイエット #痩せ菌 #腸活,"Sep 29, 2025",57,0:01:00,106.18,9939,76.5349,15,100.644,56581,4.07
DzCGAeWIgGY,【肌荒れやすい方必見】原因は界面活性剤かも？身体への影響とシャンプーや洗顔料の正しい選び方を解説します,"Jan 26, 2024",580,0:03:36,37.26,1224,73.4823,9,415.115,32139,2.45
vscjN8ok4IA,【肌の水分量1.4倍?!】美肌菌の増やし方と化粧品の選び方を紹介します！【菌の専門家が解説】,"Dec 31, 2023",382,0:02:39,41.82,1613,71.5811,7,494.816,20393,4.41
5Q8QUhSJlBk,16時間ファスティングの驚くべき効果3選 #ファスティング #断食 #ダイエット,"Sep 16, 2023",57,0:00:43,76.12,10206,70.268,4,143.678,92065,3.78
v4n_9HdgtlY,オートファジーで得られる4つの効果を徹底解説【後編】,"Oct 21, 2023",370,0:03:11,51.63,1295,68.7233,5,306.598,21925,3.16
iUL83wdnyPw,新時代のダイエット法 ｢時間栄養学｣を徹底解説,"Oct 5, 2023",555,0:04:44,51.34,844,66.7963,3,395.705,35024,1.47
Dwe1GfJnKR8,【ダイエット不要?!】コンビニでも買えるガセリ菌の効果が凄かった！ #ダイエット #ヨーグルト #脂肪を落とす方法 #ダイエット #ファスティング #断食,"Oct 2, 2023",23,0:00:30,131.78,16050,65.8176,9,181.615,102359,5.91
I4bSGJhbR0Q,【実は早すぎもNG】ターンオーバーの乱れとは？乱れる原因と肌の状態を解説します,"Mar 6, 2024",472,0:03:49,48.68,997,63.6274,4,297.601,36455,1.54
XfSzdBJd4uQ,毛穴目立ち･シワは｢美肌菌｣が原因？！美肌菌が肌に与える効果と菌の増やし方を解説します,"Dec 30, 2023",490,0:03:46,46.18,994,62.4788,11,288.265,20796,2.99
uNdvOl1IhEU,腸活中もパスタを食べたい！グルテン置き換え商品5選が美味しすぎた,"Mar 20, 2026",70,0:00:56,80.65,7557,61.8954,3,111.577,49445,3.93
F-QJOVgShLY,乾燥肌を治したいなら洗顔はやめて下さい。間違ったNG習慣と正しい対策方法,"Feb 7, 2024",576,0:04:28,46.64,731,54.5532,6,286.26,23970,1.51
GsSx8KI4JvA,腸活でストレス回避！プロが実際にやっている対策5つを紹介します。#ストレス #腸活 #ストレスフリー,"Jan 30, 2026",71,0:00:55,77.53,6469,54.3513,2,95.309,46689,3.9
jQRN5w-388c,【GABAにストレスを抑える効果はある？】菌ケアの先生が解説します！ #ストレスケア #ストレス解消,"Sep 30, 2023",32,0:00:32,101.02,9694,53.6412,5,116.927,56956,8.16
WFF3prkPe4Q,【肌くすみの原因】この生活してる人は今すぐやめて！くすみ４種と腸内環境の関係,"Feb 21, 2024",362,0:02:56,48.7,1064,52.1068,6,316.297,39391,1.9
vuEokLVLHFA,【疲れやすい人必見】原因はグルテンかも？小麦が与える身体への影響とグルテンフリーのメリットを解説します,"Jan 3, 2024",393,0:03:19,50.73,915,50.6731,2,237.161,28224,1.77
ZsmJ6p_vhD0,偏頭痛の原因は〇〇だった！？今すぐできる治し方について解説します。,"Jan 22, 2024",496,0:04:15,51.53,708,50.2697,2,355.264,19109,2.32
u3vaTAWac6g,原材料診断！麺編！#kins #腸活 #麺類,"Jun 4, 2026",23,0:00:25,111.26,16117,50.1915,16,188.824,43629,5.64
rY59Q4aYNBE,【これだけは毎日食べて！】 最強の食材3選 #shorts,"Oct 22, 2023",19,0:00:25,134.84,12779,49.7194,7,187.356,62065,9.06
KqkyadQKyAA,口臭予防？／歯医者を見分ける3つのコツ【後編】,"Oct 12, 2023",1022,0:06:55,40.7,397,45.8745,5,235.655,11351,1.68
ayuIk-0qb_M,疲れやすい人必見！日々のパフォーマンスを劇的に上げる腸活法5選 #疲れる #腸活 #仕事,"Sep 28, 2025",84,0:01:20,95.26,3679,44.3731,5,31.221,25885,3.27
qX6FmwZKMU4,「毎日食べてます」腸活を極めたプロが厳選した1日のフル食を大公開！#食事 #腸活 #朝食,"Dec 26, 2025",60,0:00:49,82.55,5698,44.3025,3,90.645,39964,3.58
4DOjf7ypAcg,腸活が逆効果   プロがカルディで絶対に買わない商品4つを解説！,"Mar 9, 2026",88,0:00:59,67.86,4650,43.3284,1,72.701,28893,2.24
amXnw6O4j6c,【2025年版】勘違いしがちなグルテンフリーの落とし穴5選 #グルテンフリー #腸活 #ダイエット,"Dec 15, 2025",58,0:01:05,112.34,4636,42.2235,6,65.21,35492,3.4
mRY1_CyXr6M,"野菜がおいしい！栄養を逃さない""蒸し料理""で糖化を防ぐ！絶対得する簡単レシピ✨","Jan 12, 2024",1320,0:05:03,22.99,497,41.8947,2,290.981,18926,1.18
IWVY3NvocIQ,【クレンジング革命】サラッと落ちて､お肌は保湿！？最新の原料を使ったオススメのクレンジングを紹介します,"Jan 29, 2024",537,0:03:39,40.88,678,41.348,3,281.359,24500,1.66
NNAqCM8L2NI,毛穴の黒ずみ？原因と正しい毛穴ケア＆予防法を徹底解説,"Nov 10, 2023",477,0:04:07,51.98,585,40.2923,2,201.224,13787,2.19
uTXgLc9STzs,【乾燥肌の方必見】乾燥肌になる意外な原因と､保湿ケアのポイントを解説します,"Feb 5, 2024",522,0:03:51,44.41,609,39.2144,3,288.325,23465,1.53
Jcjgkyu52WY,【カルディ腸活】美味しいのに腸に最高なKALDI食品5つをプロが見つけてきました！,"Mar 6, 2026",91,0:00:53,58.29,4292,37.2007,1,71.883,29119,2.84
MX-8Hl6gIEE,コレで便秘も怖くない！腸活プロがおすすめの最強サプリ＆対策5選を大公開！,"Mar 2, 2026",57,0:00:51,91.18,5136,36.9858,2,73.023,32944,2.48
IP7qLVOPeFQ,汗でアレルギーのような湿疹が出ます,"Aug 15, 2024",55,0:00:33,60.62,6229,36.9286,1,67.779,61783,3.21
-UoygN1k--8,5:2ファスティングが学生におすすめな理由 #ダイエット #ファスティング #断食,"Sep 19, 2023",33,0:00:28,86.1,8941,35.1236,3,100.742,69476,3.83
G0QOj55oaGE,原材料診断！アイス編！#kins #腸活 #アイス,"May 21, 2026",12,0:00:20,174.17,15427,34.3644,1,158.048,35382,6.56
xXKGZAmHLlQ,実は口臭の原因は腸！歯磨きだけでは足りない！,"Mar 13, 2026",72,0:01:01,84.73,4302,34.3579,2,56.874,33791,1.57
1HFn1iIA6Sg,生理前のつらい症状｢PMS(月経前症候群)｣について分かりやすく解説します,"Jan 31, 2024",665,0:04:03,36.69,496,33.6164,0,189.772,22562,1.2
wur72XpfrAs,【腸活台無し】今すぐやめてほしいNGダイエット5選をプロが解説します！,"Jan 19, 2026",73,0:00:58,79.58,4090,30.7352,3,49.846,25557,2.65
oc7QfRIUbGk,インフルエンザ予防に｢ヨーグルトと緑茶｣が効果的？！免疫の老化を防ぐ食べ物・予防法を解説します,"Dec 13, 2023",540,0:03:20,37.11,548,30.5008,2,189.469,17121,1.5
67vcJSceCBM,「薄毛が気になる人へ」ハゲやすいNG習慣5つを腸活のプロが警告します。#ハゲ #腸活 #薄毛,"Jan 26, 2026",73,0:00:55,76.18,4417,29.855,2,49.137,27591,2.42
6XkJTBysheY,【生理前の不安イライラ対処法】PMS症状を和らげる4つの方法を解説します,"Feb 2, 2024",538,0:03:22,37.55,526,29.5179,2,202.332,21903,1.15
dYLqYR6CmWM,【腸漏れ】今すぐやめて！腸活のプロが教えるあなたも食べてるNG食品5選 #腸漏れ #腸活 #食品,"Dec 22, 2025",71,0:00:49,69.46,3893,28.825,0,57.648,22685,3.04
DcZf4TZDweQ,【KINS PRIME】これでわかる発酵高麗人参のポイント！,,637,0:04:43,44.49,361,28.4183,8,416.773,1,0
B-ZvYaveUwg,便秘解消＆腸活レシピ｜濃厚豆乳春雨スープの作り方【菌の専門家監修】,"Dec 1, 2023",1110,0:04:41,25.35,359,28.0609,0,164.391,13634,1.14
yuSQuCl7JeQ,無印良品が大好きな腸活のプロも、コレは買いません... #無印良品 #腸活 #ダイエット,"Jan 16, 2026",60,0:00:42,71.65,3876,27.7832,0,61.798,26728,2.32
MjFQNJpS44A,「買わなきゃ損」腸活を極めたプロのおすすめ無印良品食品6選が美味しすぎた #無印良品 #腸活 #ダイエット,"Jan 12, 2026",70,0:00:51,74,3973,26.6388,9,47.504,22611,1.8
qfx-DDx3IqU,【有料級】腸活のプロがコンビニで絶対に買う美味しすぎる食品5選 #コンビニ #腸活 #ダイエット,"Dec 29, 2025",79,0:00:51,65.7,3390,26.1778,1,49.048,20575,2.79
Ani1WUcM_-A,「毎日飲んでます」腸活を極めたプロが厳選した最強サプリ5選 #サイリウム #高麗人参 #菌,"Dec 5, 2025",62,0:00:45,73.37,4045,25.7801,5,54.056,22623,3.19
Ld60qoURImk,【やってはいけない】腸活のプロが暴露する老化を加速させる習慣5選 #腸活 #老化 #糖質オフ,"Dec 19, 2025",63,0:00:59,93.86,3134,25.5561,3,43.3,18174,3.1
EB_G02ybfk0,「怖いですね...」腸活の専門家が絶対に食べない食品添加物5選 カップ麺編 #添加物 #腸活,"Oct 24, 2025",34,0:00:39,115.09,4049,22.9953,2,33.636,24085,3.79
Dx0kD_9IKQI,オートファジーを活性化させる習慣3選 #shorts #オートファジー,"Oct 24, 2023",29,0:00:36,127.29,4461,22.9829,4,56.466,23435,3.43
2ORf8SvJ4dE,今日からできる！腸活で10歳若返る超簡単アンチエイジング5選をプロが教えます。 #アンチエイジング #腸活 #美容,"Dec 12, 2025",78,0:01:04,82.47,2523,22.3074,0,34.066,14248,2.65
aDaleDvcTTc,腸活のプロがコンビニで絶対に買う食品5選 #コンビニ #腸活 #ダイエット,"Nov 10, 2025",51,0:00:42,82.57,3839,21.6384,5,48.75,20644,3.83
ZWXAoQoMtHE,「7年風邪引いてません」腸活のプロが免疫力を上げた習慣５つ、伝授します。 #風邪 #腸活 #風邪 ひかない,"Dec 8, 2025",67,0:00:53,80.08,2694,20.9945,1,38.698,13912,1.81
Oh6pwydvLLU,【老化予防レシピ】野菜の王様｢ケール｣を使用したオムレツの作り方【菌の専門家監修】,"Dec 4, 2023",772,0:03:46,29.34,329,20.7002,0,158.954,16807,1.16
7fMU5v7UhMc,老化予防はいい食事から?! 老化を防ぐ食材を使った｢鯖のホイル焼き｣【菌ケアキッチン】,"Dec 20, 2023",653,0:03:51,35.43,307,19.73,2,143.1,14530,1.15
S3Ph4N2_xP8,中野優作の腸内がヤバすぎた...働き続けられる理由を腸活のプロが徹底解説,"Nov 17, 2025",62,0:00:51,82.6,2632,19.1209,0,35.089,16142,3.41
m8Yvinugjj8,【8週間で3歳も若返り?!】老化を予防、若返る食事･習慣を教えます。 #老化 #老化予防 #老化防止,"Sep 23, 2023",54,0:00:54,101.74,2380,18.7624,5,32.009,8648,5.74
LVdMg0AiEQs,「怖いですね...」腸活の専門家が絶対に食べない食品添加物5選 #添加物 #腸活 #人工甘味料,"Nov 14, 2025",67,0:00:54,81.15,2674,18.6745,3,30.3,12095,1.51
_aUZC6rHNMI,【老化を防ぐ料理】抗酸化作用の食べ物を使った老化予防レシピ！カリフラワーとグレープフルーツのビタミンサラダ【菌の専門家監修】,"Dec 6, 2023",742,0:04:09,33.68,247,17.1473,0,103.164,13531,0.78
d5oFLd2e3Uk,【痩せ菌・デブ菌とは？】肥満の原因は痩せ菌かも？ #痩せ体質 #痩せる #ダイエット,"Oct 1, 2023",27,0:00:26,99.16,4563,16.3299,3,51.522,29674,4.67
5pOYOD9OfLM,【99%がやってしまう】腸活の落とし穴を5つ、プロが解説します #ヨーグルト #腸活 #やり方,"Dec 1, 2025",81,0:00:44,55.35,2275,16.3104,3,35.935,14858,2.67
o_3DKidEjqQ,【菌ケアキッチン】イワシのトマトファルシ / 菌の専門家が教える老化予防レシピ,"Nov 13, 2023",1040,0:05:26,31.41,178,16.154,1,,11873,0.79
dCHb5uU_M7o,【薬はタバコより危険?!】早稲田大学が研究！胃薬による腸内環境の悪化と影響、予防法を解説します【菌の専門家】,"Jan 1, 2024",566,0:03:34,37.87,241,14.3482,0,95.693,16283,0.88
5cbW8betBC0,「怖いですね...」腸活の専門家が絶対に食べない食品添加物5選 アイス編,"Oct 24, 2025",16,0:00:16,102.33,6246,14.344,0,24.034,18392,3
zkSktGVO568,【肥満や鬱は薬が原因?!】薬が与える身体への影響、薬以外での対処法を解説します【菌の専門家】,"Jan 2, 2024",417,0:03:11,46.02,258,13.7525,2,52.363,16437,0.89
4l82hXlBLuA,【インフルエンザ】が異例の爆増？今すぐできる感染対策･予防法を解説します,"Dec 11, 2023",524,0:03:12,36.8,242,12.9637,1,62.958,17546,0.88
hW7HGLfOosc,３時間睡眠でも疲れない体を作る方法 #菌 #睡眠 #腸活,"Sep 18, 2025",83,0:01:10,85.22,1156,12.1071,2,11.099,12196,2.12
tJPf31ekrcU,"【茹でて和えるだけ】簡単おいしい ""ほうれん草とカブのきな粉ダレ和え""【老化予防レシピ?!】","Dec 25, 2023",645,0:03:38,33.84,189,11.4604,1,142.424,14455,0.67
qb1CwKFE8Qw,「ウコン・ヘパリーゼやめとけ」酒飲みすぎた人の二日酔い解消腸活術5選 #腸活 #二日酔い#菌,"Sep 25, 2025",69,0:00:45,66.21,1790,10.3722,1,15.156,16683,2.21
vpyZGfKnMbI,「怖いですね...」腸活の専門家が絶対に食べない食品添加物5選 #添加物 #腸活,"Oct 24, 2025",22,0:00:25,116.88,2589,10.1333,2,29.516,20679,3.01
v8OnNwHKKdA,腸を元気にするレシピ#shorts #腸活,"Jul 13, 2024",13,0:00:21,167.23,3258,9.9918,0,43.706,16450,7.9
skA9cGiOmyE,【自力で】花粉症を治す方法5選 #花粉症 #shorts,"Mar 18, 2024",60,0:00:56,94.39,1019,9.7155,0,15.639,10000,4.46
Jr9rTOhpz0Y,【KINS商品をご購入いただいたお客様へ】代表からのメッセージ,,63,0:00:49,78.96,930,8.6766,7,15.786,13,0
h9QBlQw0ZZw,最強食材アボカドの腸活レシピ #shorts #アボカド,"Jun 28, 2024",58,0:01:03,110.31,661,7.2962,0,10.343,6186,2.91
pPNWEf-5SD8,プロトピックの長期練用はやめた方がいい,"Aug 8, 2024",47,0:00:30,65.59,1162,6.8673,2,15.753,8616,4.84
9BM5jG9zmIs,"ニキビケアのキーワードは""低GI値""？ #shorts","Oct 21, 2023",22,0:00:22,100.83,1480,4.6247,1,15.873,9198,5.76
q9JJFXFxXcM,痩せるホルモン｢GLP-1｣を腸で作る方法 #ダイエット #腸活,"Sep 28, 2023",24,0:00:35,146.48,970,4.5885,2,7.066,6780,4.22
ryezhJF35GY,頭がベタつく人集合　#shorts #頭皮ケア,"Apr 2, 2024",58,0:00:46,81.02,588,4.2723,0,7.67,2977,3.26
TAJ4g1eWiks,【口臭予防】ニンニクを食べる前に○○飲んで！ #short,"Oct 15, 2023",17,0:00:16,94.41,1624,3.9065,0,18.036,12868,3.09
FyQOSwx2GAY,【1年で2.4歳も老化?!】20年の老化研究で分かった｢本当の老化｣とは／老化を遅らせる方法も？！  #老化 #老化予防 #アンチエイジング,"Sep 21, 2023",32,0:01:40,315.51,278,3.8966,0,2.675,3379,2.31
_w-_mpUZK8U,体にいい食べ物！#shorts #健康,"Jul 19, 2024",15,0:00:28,188.39,1011,3.8331,0,10.933,4261,5.35
_wStLYX1Xso,アボカドの成分と健康効果 #shorts #アボカド,"Jul 12, 2024",13,0:00:23,176.98,1319,3.799,3,13.803,6160,3.83
EC6FhojDkWM,【虫歯になりやすいと言われた！歯磨き以外で気をつけることは？】,"Aug 14, 2024",55,0:00:33,60.41,676,3.4677,0,7.532,7497,2.29
NriiGH1NOto,ナタデココの秘密！ #shorts,"Jul 25, 2024",20,0:00:18,94.64,1229,3.4482,3,13.124,8488,3.11
T8fltujry1Y,出張時の1週間の食事！ #shorts,"Aug 1, 2024",19,0:00:19,100.46,1058,3.1489,0,12.602,6965,5.01
4nxgxjM5QRU,ニキビに効く食べ物！#shorts #ニキビ,"Jul 3, 2024",10,0:00:15,150.25,1416,2.9952,1,17.664,8652,5.31
QGfpZe8RxTs,簡単にできる腸活レシピ#shorts #腸活,"Jul 14, 2024",34,0:00:41,122.94,368,2.442,1,4.848,3205,1.59
1ZH_62YH8co,1日の最強腸活レシピ！ #shorts #腸活,"Jul 5, 2024",28,0:00:24,88.61,566,2.2225,0,8.011,4909,3.26
v2szJGv2hig,ダイエットにおすすめの〇〇！#shorts #ダイエット,"Jul 31, 2024",15,0:00:18,126.48,767,2.1819,0,9.088,4425,3.89
ndzkAM4fUCU,体にやさしい発酵あんこ！#shorts #発酵,"Jul 17, 2024",17,0:00:17,102.74,860,2.04,1,9.984,6041,3.03
tEusjY9MRKE,化粧品に入ってたら嬉しい成分！,"Aug 7, 2024",17,0:00:22,132.36,652,1.9922,0,6.505,4753,2.21
c-I19PVhBpM,腸内フローラを整える〇〇！#shorts #腸内環境,"Jul 16, 2024",10,0:00:14,141.15,1057,1.9869,1,12.101,5612,3.65
zhGODEE7BzE,【口臭の原因5選】なんで口が臭くなるの？ #shorts,"Oct 10, 2023",27,0:00:22,83.49,430,1.8252,0,3.601,4384,3.13
F4t7Ox-sTWk,ファスティングの落とし穴。返って太りやすくなる..?! #ファスティング #ダイエット #断食,"Sep 18, 2023",30,0:00:38,128.14,439,1.8048,0,2.884,10489,0.83
mtXuLYiVAmg,日常生活でできるニキビの原因,"Aug 9, 2024",9,0:00:13,151.64,1081,1.7241,1,9.571,6244,2.71
jLiI6xWJ3-g,美肌菌は敏感肌を治す？#shorts #敏感肌,"Apr 30, 2024",47,0:00:31,67.16,401,1.5955,0,4.175,2870,2.82
3jvDOHHffSU,健康食品玄米の秘密！#shorts,"Jul 30, 2024",20,0:00:18,91.43,541,1.5519,0,6.087,3728,2.28
idJhcX1rhdA,【10秒で口臭予防】クサい匂いに効果的な口臭ケア #口臭,"Oct 11, 2023",26,0:00:21,84.39,542,1.5194,0,4.971,5137,1.67
3QfIujnYPKg,美肌になれる魔法の食べ物を知っていますか？ #shorts,"Oct 20, 2023",18,0:00:19,107.95,514,1.4921,0,7.002,2855,6.55
u4ezCFc8stI,【寿命が10年伸びる方法とは?!】早ければ早いほど効果的な〇〇！ #short #老化 #老化 #老化予防 #老化対策,"Oct 12, 2023",21,0:00:21,102.17,516,1.4789,1,4.883,4070,3.56
mf5ficlv-u8,○○に効果的な食べ物！#shorts #美容,"Jul 11, 2024",12,0:00:18,158.06,593,1.3908,0,6.297,3584,4.27
6bYzVqv2SeU,【腸活】〇〇におすすめの食べ物 #shorts,"May 16, 2024",9,0:00:15,171.74,678,1.3198,0,7.607,3954,3.79
XKyLT8lMp9I,役立つ菌ケア雑学！①#shorts,"Jul 14, 2024",24,0:00:23,96.93,360,1.2232,0,4.231,3290,1.98
vFwh20SZMFI,ファスティングのデメリット4選 #ダイエット #ファスティング #断食,"Sep 17, 2023",58,0:00:43,74.24,177,1.1995,0,2.255,2137,2.15
hLwbQq7SAsQ,腸活にもおすすめ？ヨガの秘密！#shorts #ヨガ,"Jul 29, 2024",18,0:00:17,98.37,472,1.185,0,5.034,4459,1.91
rLKCg838Hsk,眠れない夜を乗り越える〇〇！#睡眠,"Aug 5, 2024",16,0:00:15,99.92,528,1.1146,0,5.068,3971,1.46
E-2Aj5iZrEQ,ニキビが出来やすい・出来にくい食べもの #shorts,"Oct 18, 2023",29,0:00:26,90.49,264,1.0789,0,2.007,1721,2.21
E3GUMPciHlo,ニキビに効く成分と効果！#ニキビ #shorts,"Jul 11, 2024",15,0:00:15,105.86,472,0.9933,0,5.254,2779,3.71
VBsNegOTDbU,発酵食品の最強効果#健康 #発酵 #shorts,"May 30, 2024",16,0:00:16,102.17,421,0.9908,1,5.001,4031,2.56
PICshg62Cc8,〇〇に効果的な食べ物！#shorts #健康,"Jul 13, 2024",21,0:00:20,97.04,296,0.9362,0,3.636,2239,1.97
BcPU1i7vS3E,夜の緑茶1杯があなたの痩せ体質を作る？！ #痩せ体質 #痩せる #痩せる食事,"Oct 9, 2023",20,0:00:22,110.52,322,0.9171,0,3.186,2706,3.22
9dzgtiDmn0s,敏感肌の人に食べてほしい食材 #shorts #敏感肌,"May 1, 2024",56,0:00:40,72.09,150,0.8488,0,1.532,2001,1.55
9yW13wCfzpI,皆様3連休いかがおすごしでしょうか？今日21時より初めてのYouTube LIVEしますのでぜひ奮ってご参加くださいませ！！,"Jul 20, 2026",15,0:00:08,56.14,1519,0.8336,0,2.26,0,
sXGpv0BjlcU,【超簡単】口臭を一瞬で予防する方法！ #shorts,"Oct 13, 2023",19,0:00:17,90.28,283,0.7547,0,2.833,2612,3.52
AAiS7chCnus,くすみを予防する食べ物 #shorts #老化防止,"Jun 6, 2024",24,0:00:20,86.78,243,0.7093,0,2.998,2244,2.81
Y7wyPiOHErw,ランチを食べる時間で太りやすさが変わります！ #ダイエット # #ファスティング #断食,"Oct 8, 2023",27,0:00:35,130.72,163,0.6938,0,1.442,1593,2.2
bi7lB0ELRmE,ニキビケアのポイントは原始人になることだった？！ #shorts,"Oct 19, 2023",22,0:00:20,91.25,211,0.6737,0,2.582,1531,3.85
URAgSI1hTyQ,筋トレのタンパク質は朝に摂るのが良い！？ #筋トレ #筋肉 #タンパク質,"Oct 6, 2023",15,0:00:18,123.98,301,0.645,0,1.924,2697,2.22
uzqlwC7_5p8,役立つ菌ケア雑学！②#shorts,"Jul 15, 2024",18,0:00:17,94.58,272,0.635,0,2.752,2692,0.85
RHx4kAJ29uE,認知症の改善は○○を食べてください #shorts #認知症,"Oct 23, 2023",20,0:00:24,122.12,182,0.614,0,1.98,1499,2.54
YJW4e5J61F0,内藤先生_KINS PRIME 限定公開,,3732,0:07:47,12.52,4,0.5194,0,,0,
0pAARy9KYg8,歯医者治療の落とし穴 #shorts #歯医者,"May 28, 2024",17,0:00:16,98.69,215,0.515,0,2.559,1931,2.23
V2AWY6WQ6Go,【〇〇のNG行動】これやってたらやばい #shorts #スキンケア,"May 23, 2024",11,0:00:14,132.82,252,0.4963,0,2.657,1871,2.19
wrzCikkLdsM,痩せたいならおやつを抜くのは逆効果?! #ダイエット #断食 #ファスティング,"Oct 5, 2023",25,0:00:21,86.58,175,0.4943,0,1.768,3233,1.11
te1cxbW0sqU,これやると肌終わります #shorts #肌ケア,"Jun 18, 2024",22,0:00:20,91.39,172,0.4347,0,1.697,1943,1.75
pcR4QrMeeno,【老化速度が見える化された伝説の研究】老化の原因と対策を伝説の研究から学ぼう！ #short #老化 #老化 #老化予防 #老化対策,"Oct 12, 2023",25,0:00:25,100.57,148,0.3992,0,1.076,2062,1.26
YJGltRKnRS4,ニキビの正しいケア方法 3選 #shorts,"Oct 17, 2023",31,0:00:27,89.21,101,0.3624,0,0.964,1207,1.66
cMfBdq-oJys,ニキビに効く〇〇！#shorts #ニキビ,"Jul 3, 2024",10,0:00:11,119.53,210,0.3613,0,2.412,2015,1.14
Oskx7WiTn9k,【ダイエット】朝食を抜くと逆に太りやすくなる？！ #ダイエット #痩せたい #断食,"Oct 7, 2023",19,0:00:18,99.52,148,0.346,0,1.08,2006,1.65
7fWpLcXxO0g,内藤先生_KINSPRIME_腸内フローラ02,,2003,0:17:04,51.14,1,0.2846,0,,0,
4m-Jh1lMQlg,【祝】Youtube登録者数1万人突破！いつもありがとうございます！,"Jan 5, 2024",58,0:00:17,29.93,36,0.1736,0,,15788,0.15
C3F6lafiC9k,内藤先生_KINSPRIME_腸内フローラ01,,650,0:02:47,25.83,2,0.0933,0,,0,