順位,videoId,タイトル,公開日,尺(秒),インプレッション,CTR(%),再生数(現在),再生数(Studio),平均視聴率(%),平均視聴時間,文字数,タグ,インプ1万未満,旧タイトル,動画URL,サムネURL,サムネURL(hq720)
1,8zhNoEVh7HM,痩せ菌･デブ菌とは？スーパーで買えるダイエットにおすすめのヨーグルトを紹介,2023-09-29,1058,187158,7.01,218881,18601,29.71,0:05:14,37,,,,https://www.youtube.com/watch?v=8zhNoEVh7HM,https://i.ytimg.com/vi/8zhNoEVh7HM/maxresdefault.jpg,https://i.ytimg.com/vi/8zhNoEVh7HM/hq720.jpg
2,xsytECoucwg,【納豆✖️キムチ】効果10倍？糖化菌･乳酸菌･デンプンが一度に取れる最強レシピ,2023-11-29,427,75885,6.58,192956,7834,35.08,0:02:29,39,【】あり・数字あり,,,https://www.youtube.com/watch?v=xsytECoucwg,https://i.ytimg.com/vi/xsytECoucwg/maxresdefault.jpg,https://i.ytimg.com/vi/xsytECoucwg/hq720.jpg
3,8bzfdNW_Tjs,甘いものは全部ダメ？砂糖・人工甘味料・フルーツを腸活のプロが徹底比較【四毒抜き】,2026-01-24,1139,326326,6.56,31603,30266,42.78,0:08:07,40,格付けワード・肩書きワード,,,https://www.youtube.com/watch?v=8bzfdNW_Tjs,https://i.ytimg.com/vi/8bzfdNW_Tjs/maxresdefault.jpg,https://i.ytimg.com/vi/8bzfdNW_Tjs/hq720.jpg
4,YXripGV39lc,【睡眠・ダイエット】腸活を極めたプロおすすめの最強サプリがやばすぎた・・・,2025-11-25,801,168075,6.56,22941,20878,35.14,0:04:41,37,【】あり・肩書きワード・悩みワード,,,https://www.youtube.com/watch?v=YXripGV39lc,https://i.ytimg.com/vi/YXripGV39lc/maxresdefault.jpg,https://i.ytimg.com/vi/YXripGV39lc/hq720.jpg
5,epR7yDxixnM,【衝撃】生野菜が健康は嘘！おすすめ冷凍野菜5選を腸活プロが厳選！,2026-02-24,692,196488,6.48,19534,17780,49.37,0:05:41,32,【】あり・数字あり・肩書きワード・衝撃・有料級・保存版系,,,https://www.youtube.com/watch?v=epR7yDxixnM,https://i.ytimg.com/vi/epR7yDxixnM/maxresdefault.jpg,https://i.ytimg.com/vi/epR7yDxixnM/hq720.jpg
6,Qo9c5EDfTYA,【腸漏れ】今すぐやめて！腸活のプロが教えるあなたも食べてるNG食品5選,2025-10-18,741,261417,6.44,28316,25245,48.0,0:05:55,35,【】あり・数字あり・NGワード・肩書きワード,,,https://www.youtube.com/watch?v=Qo9c5EDfTYA,https://i.ytimg.com/vi/Qo9c5EDfTYA/maxresdefault.jpg,https://i.ytimg.com/vi/Qo9c5EDfTYA/hq720.jpg
7,XxBa5MQbDTQ,疲れやすい人必見！日々のパフォーマンスを劇的に上げる腸活法5選,2025-09-16,686,448700,6.43,49972,45501,51.95,0:05:56,31,数字あり・悩みワード,,,https://www.youtube.com/watch?v=XxBa5MQbDTQ,https://i.ytimg.com/vi/XxBa5MQbDTQ/maxresdefault.jpg,https://i.ytimg.com/vi/XxBa5MQbDTQ/hq720.jpg
8,Myd4I8gvQoY,【徹底分析】元・ゴールドマンサックス田中渓の腸内を覗いてみたら、驚きの結果が出ました...,2026-07-11,1276,274697,6.33,28580,24419,46.55,0:09:53,45,【】あり,,,https://www.youtube.com/watch?v=Myd4I8gvQoY,https://i.ytimg.com/vi/Myd4I8gvQoY/maxresdefault.jpg,https://i.ytimg.com/vi/Myd4I8gvQoY/hq720.jpg
9,3P_KyaGiYGg,失敗しない”ぬか漬け”の作り方。初めての｢ぬか床｣作りでよくある失敗と対策方法を解説します,2024-01-10,621,198629,6.23,48938,17587,45.93,0:04:45,45,,,,https://www.youtube.com/watch?v=3P_KyaGiYGg,https://i.ytimg.com/vi/3P_KyaGiYGg/maxresdefault.jpg,https://i.ytimg.com/vi/3P_KyaGiYGg/hq720.jpg
10,i6Le-YPNuP0,"【ぬか漬け】スーパー善玉菌""酪酸菌""が摂れる｢ぬか漬け｣の最強効果を菌の専門家が解説します。",2024-01-08,554,185006,6.0,39269,15853,44.6,0:04:07,46,【】あり,,,https://www.youtube.com/watch?v=i6Le-YPNuP0,https://i.ytimg.com/vi/i6Le-YPNuP0/maxresdefault.jpg,https://i.ytimg.com/vi/i6Le-YPNuP0/hq720.jpg
11,GseOWsz2ewA,コレで便秘も怖くない！腸活プロがおすすめの最強サプリ＆対策5選を大公開！,2025-11-22,689,281980,5.98,25669,23852,40.84,0:04:41,36,数字あり・肩書きワード・悩みワード,,,https://www.youtube.com/watch?v=GseOWsz2ewA,https://i.ytimg.com/vi/GseOWsz2ewA/maxresdefault.jpg,https://i.ytimg.com/vi/GseOWsz2ewA/hq720.jpg
12,kAPOcQYlfjs,【2026年最新】腸活を極めたプロが本気で選ぶおすすめ最強サプリ7選！,2026-05-26,1286,261834,5.96,25528,21937,32.7,0:07:00,35,【】あり・数字あり・肩書きワード,,,https://www.youtube.com/watch?v=kAPOcQYlfjs,https://i.ytimg.com/vi/kAPOcQYlfjs/maxresdefault.jpg,https://i.ytimg.com/vi/kAPOcQYlfjs/hq720.jpg
13,A_oyAx5GWMc,肌の老化原因｢糖化｣を抑える物質｢アミノグアニジン｣とは？肌の老化を防ぐ習慣･食事を徹底解説【菌の専門家が解説】,2023-11-27,597,74518,5.92,20934,6712,47.99,0:04:46,56,悩みワード,,,https://www.youtube.com/watch?v=A_oyAx5GWMc,https://i.ytimg.com/vi/A_oyAx5GWMc/maxresdefault.jpg,https://i.ytimg.com/vi/A_oyAx5GWMc/hq720.jpg
14,DTJB4ZB7DBU,【有料級】腸活のプロがコンビニで絶対に買う美味しすぎる食品5選,2025-10-28,834,609339,5.84,53770,49919,41.19,0:05:43,31,【】あり・数字あり・店名あり・NGワード・肩書きワード・衝撃・有料級・保存版系,,,https://www.youtube.com/watch?v=DTJB4ZB7DBU,https://i.ytimg.com/vi/DTJB4ZB7DBU/maxresdefault.jpg,https://i.ytimg.com/vi/DTJB4ZB7DBU/hq720.jpg
15,TzjgkADSGtw,【2026年最新】痩せ菌がない方が効く！？腸活のプロが教えるダイエット腸活,2026-08-11,1077,107668,5.83,13043,8395,44.57,0:08:00,37,【】あり・数字あり・肩書きワード,,,https://www.youtube.com/watch?v=TzjgkADSGtw,https://i.ytimg.com/vi/TzjgkADSGtw/maxresdefault.jpg,https://i.ytimg.com/vi/TzjgkADSGtw/hq720.jpg
16,2vC5p-DyxUA,【コストコ爆買い】腸活を極めたプロがCOSTCOで絶対に買う商品を大公開！,2026-02-14,879,949849,5.8,88184,80952,46.84,0:06:51,37,【】あり・店名あり・NGワード・肩書きワード,,,https://www.youtube.com/watch?v=2vC5p-DyxUA,https://i.ytimg.com/vi/2vC5p-DyxUA/maxresdefault.jpg,https://i.ytimg.com/vi/2vC5p-DyxUA/hq720.jpg
17,O2qpRQFrvqo,【睡眠不足じゃない】寝ても疲れが取れない人の腸活,2026-08-25,1051,77603,5.72,19114,6166,44.45,0:07:47,24,【】あり・悩みワード,,,https://www.youtube.com/watch?v=O2qpRQFrvqo,https://i.ytimg.com/vi/O2qpRQFrvqo/maxresdefault.jpg,https://i.ytimg.com/vi/O2qpRQFrvqo/hq720.jpg
18,arAbsMeBV30,【やってはいけない】腸活のプロが暴露する老化を加速させる習慣5選,2025-10-14,863,570337,5.72,52905,49824,50.92,0:07:19,32,【】あり・数字あり・肩書きワード,,,https://www.youtube.com/watch?v=arAbsMeBV30,https://i.ytimg.com/vi/arAbsMeBV30/maxresdefault.jpg,https://i.ytimg.com/vi/arAbsMeBV30/hq720.jpg
19,MLkAkPDZApU,「毎日飲んでます」腸活を極めたプロが厳選した最強サプリ5選,2025-09-20,960,1275920,5.72,115868,109167,33.62,0:05:22,29,数字あり・肩書きワード,,,https://www.youtube.com/watch?v=MLkAkPDZApU,https://i.ytimg.com/vi/MLkAkPDZApU/maxresdefault.jpg,https://i.ytimg.com/vi/MLkAkPDZApU/hq720.jpg
20,2N2ZLfCiPck,"【味噌は選び方が9割】正しい味噌の選び方と自然栽培×自然発酵の""最強味噌""を紹介します！",2023-12-18,542,40514,5.59,11676,6917,33.06,0:02:59,44,【】あり・数字あり,,,https://www.youtube.com/watch?v=2N2ZLfCiPck,https://i.ytimg.com/vi/2N2ZLfCiPck/maxresdefault.jpg,https://i.ytimg.com/vi/2N2ZLfCiPck/hq720.jpg
21,YUrJveu8ngo,無印良品が大好きな腸活のプロも、コレは買いません...,2025-11-04,722,237988,5.5,21166,20301,42.69,0:05:08,27,店名あり・肩書きワード,,,https://www.youtube.com/watch?v=YUrJveu8ngo,https://i.ytimg.com/vi/YUrJveu8ngo/maxresdefault.jpg,https://i.ytimg.com/vi/YUrJveu8ngo/hq720.jpg
22,-dj7GRjfols,【納豆腸活】スーパーで買える9種類をガチ比較してわかった衝撃の事実...,2026-07-25,1308,251520,5.47,41534,17709,36.65,0:07:59,36,【】あり・数字あり・格付けワード・衝撃・有料級・保存版系,,,https://www.youtube.com/watch?v=-dj7GRjfols,https://i.ytimg.com/vi/-dj7GRjfols/maxresdefault.jpg,https://i.ytimg.com/vi/-dj7GRjfols/hq720.jpg
23,R8xjJXinAnc,【腸活お菓子】無印良品でプロがおすすめするおやつ6選が間違いなかった！,2026-03-17,977,356798,5.47,29513,26904,40.75,0:06:38,35,【】あり・数字あり・店名あり・肩書きワード,,,https://www.youtube.com/watch?v=R8xjJXinAnc,https://i.ytimg.com/vi/R8xjJXinAnc/maxresdefault.jpg,https://i.ytimg.com/vi/R8xjJXinAnc/hq720.jpg
24,q_HmklMR8Z8,【忖度無し】四毒抜きについて腸活のプロに聞いてみたら、意外な反応でした…,2025-12-20,1192,2403031,5.42,200468,180905,42.09,0:08:21,36,【】あり・肩書きワード・衝撃・有料級・保存版系,,,https://www.youtube.com/watch?v=q_HmklMR8Z8,https://i.ytimg.com/vi/q_HmklMR8Z8/maxresdefault.jpg,https://i.ytimg.com/vi/q_HmklMR8Z8/hq720.jpg
25,LXdb40PRb-8,「怖いですね...」腸活の専門家が絶対に食べない食品添加物5選,2025-09-23,802,465819,5.36,50339,45631,52.03,0:06:57,31,数字あり・NGワード,,,https://www.youtube.com/watch?v=LXdb40PRb-8,https://i.ytimg.com/vi/LXdb40PRb-8/maxresdefault.jpg,https://i.ytimg.com/vi/LXdb40PRb-8/hq720.jpg
26,n0Xc-VZBbWU,【お茶で腸活】腸活のプロが毎日飲むおすすめのお茶6選,2026-07-07,1252,216608,5.32,23305,16676,44.32,0:09:14,26,【】あり・数字あり・肩書きワード,,,https://www.youtube.com/watch?v=n0Xc-VZBbWU,https://i.ytimg.com/vi/n0Xc-VZBbWU/maxresdefault.jpg,https://i.ytimg.com/vi/n0Xc-VZBbWU/hq720.jpg
27,KItK4-zpOo4,【保存版】スーパーで買える最強の腸活ヨーグルト7選をプロが徹底比較！,2026-04-25,1046,2295079,5.29,216747,165857,34.35,0:05:59,34,【】あり・数字あり・格付けワード・肩書きワード・衝撃・有料級・保存版系,,,https://www.youtube.com/watch?v=KItK4-zpOo4,https://i.ytimg.com/vi/KItK4-zpOo4/maxresdefault.jpg,https://i.ytimg.com/vi/KItK4-zpOo4/hq720.jpg
28,sptKHuMfdRE,腸活を極めたプロが厳選！ダイエットに効く痩せ菌3選,2025-09-13,669,216566,5.29,17277,16720,51.62,0:05:45,25,数字あり・肩書きワード,,,https://www.youtube.com/watch?v=sptKHuMfdRE,https://i.ytimg.com/vi/sptKHuMfdRE/maxresdefault.jpg,https://i.ytimg.com/vi/sptKHuMfdRE/hq720.jpg
29,yMPPcP8B3Pw,腸活初心者の腸内フローラ検査結果が出たので、プロに診断してもらいました...,2026-01-27,1198,219495,5.28,17526,15890,40.75,0:08:08,38,肩書きワード,,,https://www.youtube.com/watch?v=yMPPcP8B3Pw,https://i.ytimg.com/vi/yMPPcP8B3Pw/maxresdefault.jpg,https://i.ytimg.com/vi/yMPPcP8B3Pw/hq720.jpg
30,u0b4kZX1bXI,【プロテイン難民必見】腸活を極めたプロがおすすめする老けを防ぐ最強商品5選が凄すぎた！,2026-04-28,1186,888241,5.26,79303,64148,31.17,0:06:09,43,【】あり・数字あり・肩書きワード・悩みワード,,,https://www.youtube.com/watch?v=u0b4kZX1bXI,https://i.ytimg.com/vi/u0b4kZX1bXI/maxresdefault.jpg,https://i.ytimg.com/vi/u0b4kZX1bXI/hq720.jpg
31,yJrWDT6BBS4,【昼飯・寝酒・早食い】現代人の腸活が崩れるNG習慣5選をプロが解説！,2026-02-21,925,370903,5.23,34578,29937,45.97,0:07:05,34,【】あり・数字あり・NGワード・肩書きワード,,,https://www.youtube.com/watch?v=yJrWDT6BBS4,https://i.ytimg.com/vi/yJrWDT6BBS4/maxresdefault.jpg,https://i.ytimg.com/vi/yJrWDT6BBS4/hq720.jpg
32,JSpBuc-fz4A,【保存版】絶対に食べてはいけないNG成分7選を腸活プロが警告！,2026-02-17,882,360607,5.23,31614,28779,48.36,0:07:06,31,【】あり・数字あり・NGワード・肩書きワード・衝撃・有料級・保存版系,,,https://www.youtube.com/watch?v=JSpBuc-fz4A,https://i.ytimg.com/vi/JSpBuc-fz4A/maxresdefault.jpg,https://i.ytimg.com/vi/JSpBuc-fz4A/hq720.jpg
33,SPa3w-FVMns,腸活が逆効果...プロがカルディで絶対に買わない商品4つを解説！【KALDI】,2025-12-02,931,197905,5.23,15639,14772,44.0,0:06:49,39,数字あり・店名あり・NGワード・肩書きワード,,,https://www.youtube.com/watch?v=SPa3w-FVMns,https://i.ytimg.com/vi/SPa3w-FVMns/maxresdefault.jpg,https://i.ytimg.com/vi/SPa3w-FVMns/hq720.jpg
34,g3WmjlGyCAs,【保存版】腸活プロが実際に毎日行っている夜の快眠ルーティンを一挙大公開！,2025-12-23,1143,553306,5.22,45479,42446,46.59,0:08:52,36,【】あり・肩書きワード・衝撃・有料級・保存版系・悩みワード,,,https://www.youtube.com/watch?v=g3WmjlGyCAs,https://i.ytimg.com/vi/g3WmjlGyCAs/maxresdefault.jpg,https://i.ytimg.com/vi/g3WmjlGyCAs/hq720.jpg
35,AeA2yAndSVA,「7年風邪引いてません」腸活のプロが免疫力を上げた習慣５つ、伝授します。,2025-10-04,594,209674,5.14,17564,16871,52.16,0:05:09,36,数字あり・肩書きワード,,,https://www.youtube.com/watch?v=AeA2yAndSVA,https://i.ytimg.com/vi/AeA2yAndSVA/maxresdefault.jpg,https://i.ytimg.com/vi/AeA2yAndSVA/hq720.jpg
36,RKohLj1qvTU,腸活でストレス回避！プロが実際にやっている対策5つを紹介します。,2025-11-15,867,290162,5.12,28735,27530,51.85,0:07:29,32,数字あり・肩書きワード,,,https://www.youtube.com/watch?v=RKohLj1qvTU,https://i.ytimg.com/vi/RKohLj1qvTU/maxresdefault.jpg,https://i.ytimg.com/vi/RKohLj1qvTU/hq720.jpg
37,Doasvik4Prw,【腸活ダイエット】むくみ解消で見た目激変！腸活のプロも実践する即痩せ習慣6選,2026-05-23,829,110747,5.11,8304,7901,51.27,0:07:04,38,【】あり・数字あり・肩書きワード,,,https://www.youtube.com/watch?v=Doasvik4Prw,https://i.ytimg.com/vi/Doasvik4Prw/maxresdefault.jpg,https://i.ytimg.com/vi/Doasvik4Prw/hq720.jpg
38,rTMJrBPWhlI,今日からできる！腸活で10歳若返る超簡単アンチエイジング5選をプロが教えます。,2025-10-07,678,158197,5.11,13059,12588,51.46,0:05:48,39,数字あり・肩書きワード,,,https://www.youtube.com/watch?v=rTMJrBPWhlI,https://i.ytimg.com/vi/rTMJrBPWhlI/maxresdefault.jpg,https://i.ytimg.com/vi/rTMJrBPWhlI/hq720.jpg
39,VQN4Gf-M9wM,【9割の人がやってる】腸活のプロが明かす睡眠の質を爆下げする5つのNG習慣,2026-05-09,937,127097,5.1,9726,9103,51.05,0:07:58,37,【】あり・数字あり・NGワード・肩書きワード・悩みワード,,,https://www.youtube.com/watch?v=VQN4Gf-M9wM,https://i.ytimg.com/vi/VQN4Gf-M9wM/maxresdefault.jpg,https://i.ytimg.com/vi/VQN4Gf-M9wM/hq720.jpg
40,5dZ7Q3Brmws,【衝撃】納豆やもち麦が逆効果？腸活でお腹が張る原因と放置NGな人の特徴,2026-04-07,886,359374,5.09,33851,27556,41.04,0:06:03,35,【】あり・NGワード・衝撃・有料級・保存版系,,,https://www.youtube.com/watch?v=5dZ7Q3Brmws,https://i.ytimg.com/vi/5dZ7Q3Brmws/maxresdefault.jpg,https://i.ytimg.com/vi/5dZ7Q3Brmws/hq720.jpg
41,uqbND_z58MA,８週間で３歳も若返り？20年もの老化研究でわかった｢老化を防ぐ習慣･食事｣,2023-09-22,1068,46101,5.08,27265,3994,43.18,0:07:41,37,数字あり,,,https://www.youtube.com/watch?v=uqbND_z58MA,https://i.ytimg.com/vi/uqbND_z58MA/maxresdefault.jpg,https://i.ytimg.com/vi/uqbND_z58MA/hq720.jpg
42,noE952NPTl8,【おならが臭い人】腸活のプロが教える「臭い」の原因と今すぐできる対策5選,2026-08-18,1126,121950,5.07,15139,8605,47.69,0:08:56,36,【】あり・数字あり・肩書きワード・悩みワード,,,https://www.youtube.com/watch?v=noE952NPTl8,https://i.ytimg.com/vi/noE952NPTl8/maxresdefault.jpg,https://i.ytimg.com/vi/noE952NPTl8/hq720.jpg
43,hItyY347ZTQ,【頭皮ケア3選】腸活のプロが選ぶ最強シャンプー！薄毛やニオイを解決する菌ケアの真実,2026-04-14,1095,381263,5.07,29513,26452,29.63,0:05:24,41,【】あり・数字あり・肩書きワード・悩みワード,,,https://www.youtube.com/watch?v=hItyY347ZTQ,https://i.ytimg.com/vi/hItyY347ZTQ/maxresdefault.jpg,https://i.ytimg.com/vi/hItyY347ZTQ/hq720.jpg
44,XlKKa2fkaMg,【最強の朝食】腸活のプロが辿り着いた努力ゼロで腸内環境を整える最短2品,2026-03-21,1176,521557,5.06,38124,37357,35.88,0:07:01,35,【】あり・数字あり・肩書きワード,,,https://www.youtube.com/watch?v=XlKKa2fkaMg,https://i.ytimg.com/vi/XlKKa2fkaMg/maxresdefault.jpg,https://i.ytimg.com/vi/XlKKa2fkaMg/hq720.jpg
45,QuZBV9fCo_c,下痢・便秘・腹痛...その原因、過敏性腸症候群（IBS）？腸活プロが予防法をお教えします。,2025-11-18,722,276272,5.05,25785,19599,38.28,0:04:36,45,肩書きワード・悩みワード,,,https://www.youtube.com/watch?v=QuZBV9fCo_c,https://i.ytimg.com/vi/QuZBV9fCo_c/maxresdefault.jpg,https://i.ytimg.com/vi/QuZBV9fCo_c/hq720.jpg
46,aKDOIIfaiV8,【最強の腸活チェーン店】プロが“最高”と絶賛した「しんぱち食堂」で選ぶべき定食5選,2026-07-18,1087,97928,5.03,8634,6703,34.0,0:06:09,41,【】あり・数字あり・店名あり・肩書きワード,,,https://www.youtube.com/watch?v=aKDOIIfaiV8,https://i.ytimg.com/vi/aKDOIIfaiV8/maxresdefault.jpg,https://i.ytimg.com/vi/aKDOIIfaiV8/hq720.jpg
47,6gXPi1v0lWc,【下痢・胃もたれ解消】腸活を極めたプロが最近ハマっている麹の凄さ3選を徹底解説！,2026-06-02,1180,185322,4.98,19564,14558,42.98,0:08:27,40,【】あり・数字あり・肩書きワード・悩みワード,,,https://www.youtube.com/watch?v=6gXPi1v0lWc,https://i.ytimg.com/vi/6gXPi1v0lWc/maxresdefault.jpg,https://i.ytimg.com/vi/6gXPi1v0lWc/hq720.jpg
48,XFlaHS5ldqM,【腸活は口腔内から】歯科医が教える腸活の盲点、究極の歯磨き粉5選,2026-03-10,1031,1649237,4.96,132099,108514,26.05,0:04:28,32,【】あり・数字あり・肩書きワード,,,https://www.youtube.com/watch?v=XFlaHS5ldqM,https://i.ytimg.com/vi/XFlaHS5ldqM/maxresdefault.jpg,https://i.ytimg.com/vi/XFlaHS5ldqM/hq720.jpg
49,7Z22O2Xl768,【99%がやってしまう】腸活の落とし穴を5つ、プロが解説します,2025-09-30,939,393918,4.95,30877,28392,47.22,0:07:23,31,【】あり・数字あり・肩書きワード,,,https://www.youtube.com/watch?v=7Z22O2Xl768,https://i.ytimg.com/vi/7Z22O2Xl768/hqdefault.jpg,https://i.ytimg.com/vi/7Z22O2Xl768/hq720.jpg
50,Mdv8karYiA8,【コスパ最強】業務スーパーで腸活を極めたプロがおすすめする最強食品7選,2026-07-14,917,184203,4.94,17354,12053,43.68,0:06:40,35,【】あり・数字あり・店名あり・肩書きワード,,,https://www.youtube.com/watch?v=Mdv8karYiA8,https://i.ytimg.com/vi/Mdv8karYiA8/maxresdefault.jpg,https://i.ytimg.com/vi/Mdv8karYiA8/hq720.jpg
51,jhr2uboaFbM,【カルディ腸活】美味しいのに腸に最高なKALDI食品5つをプロが見つけてきました！,2025-11-29,1097,1973071,4.94,138466,130717,36.49,0:06:40,41,【】あり・数字あり・店名あり・肩書きワード,,,https://www.youtube.com/watch?v=jhr2uboaFbM,https://i.ytimg.com/vi/jhr2uboaFbM/maxresdefault.jpg,https://i.ytimg.com/vi/jhr2uboaFbM/hq720.jpg
52,z34UKW6sjuE,【2025年版】勘違いしがちなグルテンフリーの落とし穴5選,2025-10-11,1059,425841,4.92,34204,31639,47.16,0:08:19,29,【】あり・数字あり,,,https://www.youtube.com/watch?v=z34UKW6sjuE,https://i.ytimg.com/vi/z34UKW6sjuE/maxresdefault.jpg,https://i.ytimg.com/vi/z34UKW6sjuE/hq720.jpg
53,vDFa_tknpz8,【健康診断で引っかかった人】コレステロールが高い人ほど知っておきたい腸活とは？,2026-08-22,1094,106753,4.9,12740,7152,41.21,0:07:30,39,【】あり,,,https://www.youtube.com/watch?v=vDFa_tknpz8,https://i.ytimg.com/vi/vDFa_tknpz8/maxresdefault.jpg,https://i.ytimg.com/vi/vDFa_tknpz8/hq720.jpg
54,D5apYCSVsnw,【腸活におすすめの水】便秘・下痢・胃もたれを解消する正しい水の選び方を徹底解説,2026-06-30,1403,262929,4.9,23344,17990,37.81,0:08:50,39,【】あり・悩みワード,,,https://www.youtube.com/watch?v=D5apYCSVsnw,https://i.ytimg.com/vi/D5apYCSVsnw/maxresdefault.jpg,https://i.ytimg.com/vi/D5apYCSVsnw/hq720.jpg
55,xUYBmBc317A,【衝撃】無添加でも腸には最悪！腸活プロが久世福商店で絶対に買わない商品5選が意外すぎた...,2026-04-18,924,113587,4.87,8245,7634,41.9,0:06:27,46,【】あり・数字あり・店名あり・NGワード・肩書きワード・衝撃・有料級・保存版系,,,https://www.youtube.com/watch?v=xUYBmBc317A,https://i.ytimg.com/vi/xUYBmBc317A/maxresdefault.jpg,https://i.ytimg.com/vi/xUYBmBc317A/hq720.jpg
56,X8TRi80OIIs,過敏性腸症候群(IBS)におすすめの食事「低FODMAP食」とは？,2023-11-17,456,47100,4.85,43951,3521,47.56,0:03:36,33,,,,https://www.youtube.com/watch?v=X8TRi80OIIs,https://i.ytimg.com/vi/X8TRi80OIIs/maxresdefault.jpg,https://i.ytimg.com/vi/X8TRi80OIIs/hq720.jpg
57,JRbc-YVsqhc,【サイゼで腸活】週末は家族でサイゼリヤ！外食中でも食べられる最強メニューをプロが大公開,2026-06-06,867,159553,4.84,12685,11717,45.61,0:06:35,43,【】あり・店名あり・肩書きワード,,,https://www.youtube.com/watch?v=JRbc-YVsqhc,https://i.ytimg.com/vi/JRbc-YVsqhc/maxresdefault.jpg,https://i.ytimg.com/vi/JRbc-YVsqhc/hq720.jpg
58,hZG0BZjJlTk,【大暴露】YouTubeでは絶対に言えない腸活業界の裏側と忖度なしの本音を全て話します！,2026-03-14,881,100344,4.84,6959,6694,39.47,0:05:47,44,【】あり・NGワード・衝撃・有料級・保存版系,,,https://www.youtube.com/watch?v=hZG0BZjJlTk,https://i.ytimg.com/vi/hZG0BZjJlTk/maxresdefault.jpg,https://i.ytimg.com/vi/hZG0BZjJlTk/hq720.jpg
59,zAxnATVENso,美肌は腸活から！菌ケアのプロが実際にやっている最強美容法を教えます！,2026-01-06,1006,345169,4.84,33322,30926,50.82,0:08:31,34,肩書きワード・悩みワード,,,https://www.youtube.com/watch?v=zAxnATVENso,https://i.ytimg.com/vi/zAxnATVENso/maxresdefault.jpg,https://i.ytimg.com/vi/zAxnATVENso/hq720.jpg
60,Y6S5J-gRflo,【有料級】腸活のプロも毎日飲むビタミンDが実はとても重要でした...！,2026-01-31,967,262656,4.81,20312,18611,40.32,0:06:29,35,【】あり・肩書きワード・衝撃・有料級・保存版系,,,https://www.youtube.com/watch?v=Y6S5J-gRflo,https://i.ytimg.com/vi/Y6S5J-gRflo/maxresdefault.jpg,https://i.ytimg.com/vi/Y6S5J-gRflo/hq720.jpg
61,ftI5JQA9mkM,「薄毛が気になる人へ」ハゲやすいNG習慣5つを腸活のプロが警告します。,2025-11-11,765,1204425,4.81,75681,74380,29.41,0:03:44,35,数字あり・NGワード・肩書きワード・悩みワード,,,https://www.youtube.com/watch?v=ftI5JQA9mkM,https://i.ytimg.com/vi/ftI5JQA9mkM/maxresdefault.jpg,https://i.ytimg.com/vi/ftI5JQA9mkM/hq720.jpg
62,Fe7LZi7k0ZI,腸内細菌の第一人者に老化と腸活の新常識を聞いたら、衝撃すぎた...【内藤裕二】,2025-12-27,1787,1116246,4.77,85570,79641,38.76,0:11:32,39,衝撃・有料級・保存版系,,,https://www.youtube.com/watch?v=Fe7LZi7k0ZI,https://i.ytimg.com/vi/Fe7LZi7k0ZI/maxresdefault.jpg,https://i.ytimg.com/vi/Fe7LZi7k0ZI/hq720.jpg
63,K-Dkn0HqG_Q,【iHerb腸活】赤ちゃん・IBS・便秘に効くおすすめ海外サプリ5選が凄すぎた...,2026-07-28,866,204564,4.76,19904,13558,36.63,0:05:17,42,【】あり・数字あり・悩みワード,,,https://www.youtube.com/watch?v=K-Dkn0HqG_Q,https://i.ytimg.com/vi/K-Dkn0HqG_Q/maxresdefault.jpg,https://i.ytimg.com/vi/K-Dkn0HqG_Q/hq720.jpg
64,n7mTMO1soQs,【納豆効果の秘訣】スーパー成分｢ポリアミン｣とは？栄養価を意識した納豆の選び方,2023-11-06,888,54942,4.76,175723,4421,44.55,0:06:35,39,【】あり,,,https://www.youtube.com/watch?v=n7mTMO1soQs,https://i.ytimg.com/vi/n7mTMO1soQs/maxresdefault.jpg,https://i.ytimg.com/vi/n7mTMO1soQs/hq720.jpg
65,Ttb-1FEtIIg,【鉄不足】健康診断では見落とされる...健康のために飲む鉄剤が腸を壊していた…,2026-07-21,1223,131553,4.75,11286,9082,41.13,0:08:23,39,【】あり,,,https://www.youtube.com/watch?v=Ttb-1FEtIIg,https://i.ytimg.com/vi/Ttb-1FEtIIg/maxresdefault.jpg,https://i.ytimg.com/vi/Ttb-1FEtIIg/hq720.jpg
66,d30DUk5VH-4,【幼少期・思春期・40代・60代別】年代別腸活のやり方をプロに聞いてみた,2026-02-03,1003,464997,4.69,29477,28420,42.02,0:07:01,36,【】あり・数字あり・肩書きワード,,,https://www.youtube.com/watch?v=d30DUk5VH-4,https://i.ytimg.com/vi/d30DUk5VH-4/maxresdefault.jpg,https://i.ytimg.com/vi/d30DUk5VH-4/hq720.jpg
67,riQUGM2XQEQ,【オリーブオイル・亜麻仁油・えごま油】腸内環境が激変！腸活のプロがおすすめする最強油9選,2026-05-02,975,170089,4.68,15256,12674,50.2,0:08:09,44,【】あり・数字あり・肩書きワード,,,https://www.youtube.com/watch?v=riQUGM2XQEQ,https://i.ytimg.com/vi/riQUGM2XQEQ/maxresdefault.jpg,https://i.ytimg.com/vi/riQUGM2XQEQ/hq720.jpg
68,JuPE9_tPXvg,【40代の腸活】20代より動ける！腸活プロの血糖値と腸内環境を支配する究極習慣,2026-03-03,1396,384486,4.68,27502,25575,38.64,0:08:59,39,【】あり・数字あり・肩書きワード,,,https://www.youtube.com/watch?v=JuPE9_tPXvg,https://i.ytimg.com/vi/JuPE9_tPXvg/maxresdefault.jpg,https://i.ytimg.com/vi/JuPE9_tPXvg/hq720.jpg
69,Pbtan6qxJfk,オートファジーの衝撃効果を徹底解説【前編】,2023-10-19,829,123168,4.67,197518,8645,36.42,0:05:01,21,衝撃・有料級・保存版系,,,https://www.youtube.com/watch?v=Pbtan6qxJfk,https://i.ytimg.com/vi/Pbtan6qxJfk/maxresdefault.jpg,https://i.ytimg.com/vi/Pbtan6qxJfk/hq720.jpg
70,gojq1SlETuM,【豆乳腸活】プロが市販で買える豆乳を徹底比較！毎日飲むならどれを選ぶ？,2026-08-01,1397,209860,4.66,29571,12837,38.79,0:09:01,35,【】あり・格付けワード・肩書きワード,,,https://www.youtube.com/watch?v=gojq1SlETuM,https://i.ytimg.com/vi/gojq1SlETuM/maxresdefault.jpg,https://i.ytimg.com/vi/gojq1SlETuM/hq720.jpg
71,4Zsk228DWM4,「買わなきゃ損」腸活を極めたプロのおすすめ無印良品食品6選が美味しすぎた,2025-11-01,796,9335328,4.66,608437,591481,28.92,0:03:50,36,数字あり・店名あり・肩書きワード,,,https://www.youtube.com/watch?v=4Zsk228DWM4,https://i.ytimg.com/vi/4Zsk228DWM4/maxresdefault.jpg,https://i.ytimg.com/vi/4Zsk228DWM4/hq720.jpg
72,FxFgqvkZ_Hs,「忙しくて寝る時間がない」それでも仕事の質を落とさない腸活術,2025-09-06,974,149476,4.62,12632,11845,47.93,0:07:46,30,,,,https://www.youtube.com/watch?v=FxFgqvkZ_Hs,https://i.ytimg.com/vi/FxFgqvkZ_Hs/maxresdefault.jpg,https://i.ytimg.com/vi/FxFgqvkZ_Hs/hq720.jpg
73,2cf76qui57I,【グルテンフリーは意味がない!?】グルテンを意識すべき人と､グルテンフリーの意外な落とし穴を解説します,2024-01-05,587,213801,4.58,207723,14446,37.57,0:03:40,51,【】あり,,,https://www.youtube.com/watch?v=2cf76qui57I,https://i.ytimg.com/vi/2cf76qui57I/maxresdefault.jpg,https://i.ytimg.com/vi/2cf76qui57I/hq720.jpg
74,AvhX8hb4-pk,【体臭に悩む人へ】体臭予防にボディソープはNG?! 体臭改善＆対策法を徹底解説,2023-11-22,445,47723,4.57,29492,4143,42.86,0:03:10,39,【】あり・NGワード,,,https://www.youtube.com/watch?v=AvhX8hb4-pk,https://i.ytimg.com/vi/AvhX8hb4-pk/maxresdefault.jpg,https://i.ytimg.com/vi/AvhX8hb4-pk/hq720.jpg
75,ZB0vnrL3AVg,お茶の淹れ方・選び方／氷水出しで睡眠の質UP？！緑茶のカフェイン苦手な方は〇〇を飲んでください,2023-12-29,721,64071,4.54,7194,4395,40.3,0:04:50,47,悩みワード,,,https://www.youtube.com/watch?v=ZB0vnrL3AVg,https://i.ytimg.com/vi/ZB0vnrL3AVg/maxresdefault.jpg,https://i.ytimg.com/vi/ZB0vnrL3AVg/hq720.jpg
76,lWb6zrAimkA,【買わなきゃ損】腸活のプロが久世福商店で絶対に買う毎日食べたい食品5選が美味しすぎた！,2026-04-21,1030,153822,4.52,12406,9808,40.03,0:06:52,43,【】あり・数字あり・店名あり・NGワード・肩書きワード,,,https://www.youtube.com/watch?v=lWb6zrAimkA,https://i.ytimg.com/vi/lWb6zrAimkA/maxresdefault.jpg,https://i.ytimg.com/vi/lWb6zrAimkA/hq720.jpg
77,_uoj9RczUKw,「行かなきゃ損」腸活を極めたプロが成城石井で絶対に買う食品を紹介します！,2026-01-10,1196,806607,4.51,55775,51848,37.07,0:07:23,36,店名あり・NGワード・肩書きワード,,,https://www.youtube.com/watch?v=_uoj9RczUKw,https://i.ytimg.com/vi/_uoj9RczUKw/maxresdefault.jpg,https://i.ytimg.com/vi/_uoj9RczUKw/hq720.jpg
78,5fuRCrvxDOk,【9割が買ってる】気付かず腸内を壊す腸活を極めたプロが絶対に摂らない油9選,2026-05-05,966,116223,4.5,8386,7439,44.24,0:07:07,37,【】あり・数字あり・NGワード・肩書きワード,,,https://www.youtube.com/watch?v=5fuRCrvxDOk,https://i.ytimg.com/vi/5fuRCrvxDOk/maxresdefault.jpg,https://i.ytimg.com/vi/5fuRCrvxDOk/hq720.jpg
79,HTONG32Uirk,【結論】コーヒーは腸活に良い？悪い？プロが最新のデータをもとに白黒つけます,2026-08-08,1074,285128,4.49,25715,16696,44.51,0:07:58,37,【】あり・肩書きワード,,,https://www.youtube.com/watch?v=HTONG32Uirk,https://i.ytimg.com/vi/HTONG32Uirk/maxresdefault.jpg,https://i.ytimg.com/vi/HTONG32Uirk/hq720.jpg
80,7yQkFbbqChw,｢ファスティング｣の効果とやり方を徹底解説,2023-09-08,720,72817,4.48,15569,4884,38.25,0:04:35,21,,,,https://www.youtube.com/watch?v=7yQkFbbqChw,https://i.ytimg.com/vi/7yQkFbbqChw/maxresdefault.jpg,https://i.ytimg.com/vi/7yQkFbbqChw/hq720.jpg
81,m3vg3hVYZiU,【警告】お酒を飲むと腸内で何が起きる？腸活のプロが数千人分のデータで判明した衝撃の結果をお伝えします,2026-08-04,1153,428716,4.43,32050,25768,37.18,0:07:08,50,【】あり・NGワード・肩書きワード・衝撃・有料級・保存版系,,,https://www.youtube.com/watch?v=m3vg3hVYZiU,https://i.ytimg.com/vi/m3vg3hVYZiU/maxresdefault.jpg,https://i.ytimg.com/vi/m3vg3hVYZiU/hq720.jpg
82,foN_vLVqGvU,【有料級】腸活を極めたプロが実際に行っている朝のルーティンを大公開！,2025-12-13,1143,1663143,4.43,115889,110667,44.83,0:08:32,34,【】あり・肩書きワード・衝撃・有料級・保存版系,,,https://www.youtube.com/watch?v=foN_vLVqGvU,https://i.ytimg.com/vi/foN_vLVqGvU/maxresdefault.jpg,https://i.ytimg.com/vi/foN_vLVqGvU/hq720.jpg
83,OAlxKREPnHI,【超有料級】7年ぶりに腸活のプロをコストコに連れて行ったら、選び方が凄すぎた！【Costco】,2026-02-07,1403,4998290,4.41,288560,278113,34.38,0:08:02,47,【】あり・数字あり・店名あり・肩書きワード・衝撃・有料級・保存版系,,,https://www.youtube.com/watch?v=OAlxKREPnHI,https://i.ytimg.com/vi/OAlxKREPnHI/maxresdefault.jpg,https://i.ytimg.com/vi/OAlxKREPnHI/hq720.jpg
84,BKST-LYtgng,腸活プロの腸内を腸内細菌の第一人者にガチレビューしてもらった...【内藤裕二】,2025-12-30,1270,182115,4.41,14432,13134,45.28,0:09:35,39,肩書きワード,,,https://www.youtube.com/watch?v=BKST-LYtgng,https://i.ytimg.com/vi/BKST-LYtgng/maxresdefault.jpg,https://i.ytimg.com/vi/BKST-LYtgng/hq720.jpg
85,vscjN8ok4IA,【肌の水分量1.4倍?!】美肌菌の増やし方と化粧品の選び方を紹介します！【菌の専門家が解説】,2023-12-31,382,20393,4.41,4360,1613,41.82,0:02:39,46,【】あり・数字あり・悩みワード,,,https://www.youtube.com/watch?v=vscjN8ok4IA,https://i.ytimg.com/vi/vscjN8ok4IA/maxresdefault.jpg,https://i.ytimg.com/vi/vscjN8ok4IA/hq720.jpg
86,PNv3p2xlIiY,腸活中もパスタを食べたい！グルテン置き換え商品5選が美味しすぎた・・・,2025-12-09,880,164577,4.4,12761,12417,47.08,0:06:54,35,数字あり,,,https://www.youtube.com/watch?v=PNv3p2xlIiY,https://i.ytimg.com/vi/PNv3p2xlIiY/maxresdefault.jpg,https://i.ytimg.com/vi/PNv3p2xlIiY/hq720.jpg
87,XOjHpeMguww,中野優作の腸内がヤバすぎた...働き続けられる理由を腸活のプロが徹底解説,2025-09-27,1694,246382,4.37,114677,113743,29.64,0:08:22,36,肩書きワード,,,https://www.youtube.com/watch?v=XOjHpeMguww,https://i.ytimg.com/vi/XOjHpeMguww/maxresdefault.jpg,https://i.ytimg.com/vi/XOjHpeMguww/hq720.jpg
88,ofItnWEaDd4,【腸活鍋】食物繊維量がバグってる？オイシックスを腸活プロが忖度なしに実食してみた【Oisix】,2026-03-28,1405,104308,4.35,6393,6197,27.26,0:06:22,47,【】あり・肩書きワード・衝撃・有料級・保存版系,,,https://www.youtube.com/watch?v=ofItnWEaDd4,https://i.ytimg.com/vi/ofItnWEaDd4/maxresdefault.jpg,https://i.ytimg.com/vi/ofItnWEaDd4/hq720.jpg
89,fpAnuNrRW6E,「毎日食べてます」腸活を極めたプロが厳選した1日のフル食を大公開！,2025-10-21,986,5430122,4.35,350009,344552,37.99,0:06:14,33,数字あり・肩書きワード,,,https://www.youtube.com/watch?v=fpAnuNrRW6E,https://i.ytimg.com/vi/fpAnuNrRW6E/maxresdefault.jpg,https://i.ytimg.com/vi/fpAnuNrRW6E/hq720.jpg
90,6DFwGS4SUCY,【衝撃】1時間の散歩より1分のダッシュが効く？最新研究が明かす驚きの腸活術,2026-03-31,900,115564,4.31,7425,7088,45.36,0:06:48,37,【】あり・数字あり・衝撃・有料級・保存版系,,,https://www.youtube.com/watch?v=6DFwGS4SUCY,https://i.ytimg.com/vi/6DFwGS4SUCY/maxresdefault.jpg,https://i.ytimg.com/vi/6DFwGS4SUCY/hq720.jpg
91,9IpHvWikDeE,【たんぱく質・脂質・炭水化物】アメリカで大炎上中の新常識に腸活プロが物申す,2026-02-10,856,308071,4.25,20087,19646,47.99,0:06:50,37,【】あり・肩書きワード,,,https://www.youtube.com/watch?v=9IpHvWikDeE,https://i.ytimg.com/vi/9IpHvWikDeE/maxresdefault.jpg,https://i.ytimg.com/vi/9IpHvWikDeE/hq720.jpg
92,bPw1SJPYSR0,それ過敏性腸症候群(IBS)かも!? 菌の専門家が徹底解説【前編】,2023-11-15,463,22450,4.24,20186,1606,48.46,0:03:44,33,,,,https://www.youtube.com/watch?v=bPw1SJPYSR0,https://i.ytimg.com/vi/bPw1SJPYSR0/maxresdefault.jpg,https://i.ytimg.com/vi/bPw1SJPYSR0/hq720.jpg
93,yIXry-BKc2s,【衝撃】腸活を台無しにする血糖値スパイクの恐怖と対策5選をプロに聞いてみた,2026-01-20,1310,219216,4.22,16225,14724,45.23,0:09:52,37,【】あり・数字あり・肩書きワード・衝撃・有料級・保存版系,,,https://www.youtube.com/watch?v=yIXry-BKc2s,https://i.ytimg.com/vi/yIXry-BKc2s/maxresdefault.jpg,https://i.ytimg.com/vi/yIXry-BKc2s/hq720.jpg
94,5SuO_jQnxUM,【大戸屋で腸活】健康そうに見えても要注意？腸活のプロが本気で選ぶベスト5,2026-08-15,1332,100390,4.2,9393,5772,37.47,0:08:19,36,【】あり・数字あり・店名あり・格付けワード・肩書きワード,,,https://www.youtube.com/watch?v=5SuO_jQnxUM,https://i.ytimg.com/vi/5SuO_jQnxUM/maxresdefault.jpg,https://i.ytimg.com/vi/5SuO_jQnxUM/hq720.jpg
95,7OVWlbwshQM,「コレは食べません！」腸活のプロがコンビニで絶対に買わない食品５選,2025-10-25,884,409095,4.16,35377,33521,48.14,0:07:05,33,数字あり・店名あり・NGワード・肩書きワード,,,https://www.youtube.com/watch?v=7OVWlbwshQM,https://i.ytimg.com/vi/7OVWlbwshQM/maxresdefault.jpg,https://i.ytimg.com/vi/7OVWlbwshQM/hq720.jpg
96,-iUN_L6dDO4,【イライラ解消】なぜか怒りっぽいあなたのストレスを腸活のプロが即効で消します！,2026-06-27,1057,92063,4.15,6375,5705,47.13,0:08:18,39,【】あり・肩書きワード,,,https://www.youtube.com/watch?v=-iUN_L6dDO4,https://i.ytimg.com/vi/-iUN_L6dDO4/maxresdefault.jpg,https://i.ytimg.com/vi/-iUN_L6dDO4/hq720.jpg
97,AWO-tSQ_oSk,【スーパーフード味噌】がもたらす５つの健康効果を徹底解説,2023-12-15,561,31204,4.14,6132,2048,41.9,0:03:55,28,【】あり・数字あり,,,https://www.youtube.com/watch?v=AWO-tSQ_oSk,https://i.ytimg.com/vi/AWO-tSQ_oSk/maxresdefault.jpg,https://i.ytimg.com/vi/AWO-tSQ_oSk/hq720.jpg
98,G4SF-EITfVE,肌の老化は｢糖化｣が原因？肌のシミ･しわ･たるみの予防と改善法を徹底解説,2023-11-24,636,23214,4.12,8730,1957,53.3,0:05:39,36,悩みワード,,,https://www.youtube.com/watch?v=G4SF-EITfVE,https://i.ytimg.com/vi/G4SF-EITfVE/maxresdefault.jpg,https://i.ytimg.com/vi/G4SF-EITfVE/hq720.jpg
99,5qYuEWM0b3E,【口内ケアと最強歯ブラシ】腸活の効果を半減させる口腔内の炎症を止める習慣を教えます！,2026-04-11,1110,158859,4.09,10525,9844,43.73,0:08:05,42,【】あり,,,https://www.youtube.com/watch?v=5qYuEWM0b3E,https://i.ytimg.com/vi/5qYuEWM0b3E/maxresdefault.jpg,https://i.ytimg.com/vi/5qYuEWM0b3E/hq720.jpg
100,-zdz2Foas6Q,体臭や加齢臭は〇〇が原因?! 体臭や疲労臭のニオイ対策を徹底解説,2023-11-20,474,170898,4.07,222401,9978,34.96,0:02:45,32,,,,https://www.youtube.com/watch?v=-zdz2Foas6Q,https://i.ytimg.com/vi/-zdz2Foas6Q/maxresdefault.jpg,https://i.ytimg.com/vi/-zdz2Foas6Q/hq720.jpg
101,4CbE6o4QEHA,【ガストで腸活】ファミレスは体に悪いは嘘！？プロが実際に頼む最強メニュー8選,2026-06-20,1227,127689,4.03,8830,7777,40.94,0:08:22,38,【】あり・数字あり・店名あり・肩書きワード,,,https://www.youtube.com/watch?v=4CbE6o4QEHA,https://i.ytimg.com/vi/4CbE6o4QEHA/maxresdefault.jpg,https://i.ytimg.com/vi/4CbE6o4QEHA/hq720.jpg
102,KU4-sRJXZlk,【腸活vlog】腸活を極めたプロが大絶賛する鹿児島・霧島が最高すぎた！,2026-05-16,1490,67721,4.03,4197,3875,34.43,0:08:32,35,【】あり・肩書きワード,,,https://www.youtube.com/watch?v=KU4-sRJXZlk,https://i.ytimg.com/vi/KU4-sRJXZlk/maxresdefault.jpg,https://i.ytimg.com/vi/KU4-sRJXZlk/hq720.jpg
103,7-F39EpIL4A,【スーパーフード納豆】菌の専門家が解説！納豆の最強8大効果とは！？,2023-11-03,612,74349,4.03,84940,4196,39.05,0:03:58,33,【】あり・数字あり,,,https://www.youtube.com/watch?v=7-F39EpIL4A,https://i.ytimg.com/vi/7-F39EpIL4A/maxresdefault.jpg,https://i.ytimg.com/vi/7-F39EpIL4A/hq720.jpg
104,6kfVqAVPL0M,【超一流の習慣】元ゴールドマンサックス田中渓のルーティンを腸活のプロが徹底解説,2026-07-04,1283,641898,4.02,45937,37947,41.88,0:08:57,39,【】あり・肩書きワード,,,https://www.youtube.com/watch?v=6kfVqAVPL0M,https://i.ytimg.com/vi/6kfVqAVPL0M/maxresdefault.jpg,https://i.ytimg.com/vi/6kfVqAVPL0M/hq720.jpg
105,UD7WdwKXNP8,緑茶がもたらす8つの健康効果！緑茶うがいでインフルエンザを予防？！,2023-12-27,623,35302,3.92,4535,2166,44.39,0:04:36,33,数字あり,,,https://www.youtube.com/watch?v=UD7WdwKXNP8,https://i.ytimg.com/vi/UD7WdwKXNP8/maxresdefault.jpg,https://i.ytimg.com/vi/UD7WdwKXNP8/hq720.jpg
106,VrSNwHnIfRI,【スタバで腸活】プロがおすすめするダイエットにも効くスターバックスの頼み方を大公開【Starbucks】,2026-06-16,1621,455948,3.88,29052,25910,38.56,0:10:25,52,【】あり・店名あり・肩書きワード,,,https://www.youtube.com/watch?v=VrSNwHnIfRI,https://i.ytimg.com/vi/VrSNwHnIfRI/maxresdefault.jpg,https://i.ytimg.com/vi/VrSNwHnIfRI/hq720.jpg
107,tP7pzerYi5o,日本中の納豆を徹底調査！自然栽培×自然発酵×天然の納豆菌をついに発見！？,2023-11-08,1075,28620,3.88,38422,1785,30.07,0:05:23,36,,,,https://www.youtube.com/watch?v=tP7pzerYi5o,https://i.ytimg.com/vi/tP7pzerYi5o/maxresdefault.jpg,https://i.ytimg.com/vi/tP7pzerYi5o/hq720.jpg
108,T4OgdJ48aYk,「ウコン・ヘパリーゼやめとけ」酒飲みすぎた人の二日酔い解消腸活術5選,2025-09-09,640,71637,3.86,5434,4815,40.64,0:04:20,34,数字あり,,,https://www.youtube.com/watch?v=T4OgdJ48aYk,https://i.ytimg.com/vi/T4OgdJ48aYk/maxresdefault.jpg,https://i.ytimg.com/vi/T4OgdJ48aYk/hq720.jpg
109,R1FrmwKeMEI,【最強の健康食品】納豆の効能８選と選び方、10倍効果が出る食べ合わせまで納豆を完全解説します,2024-03-15,730,112040,3.82,9056,5985,33.17,0:04:02,46,【】あり・数字あり,,,https://www.youtube.com/watch?v=R1FrmwKeMEI,https://i.ytimg.com/vi/R1FrmwKeMEI/maxresdefault.jpg,https://i.ytimg.com/vi/R1FrmwKeMEI/hq720.jpg
110,yLKVe8YVzcw,【認知症予防】生活習慣で45%防げる！？腸活のプロが解説する脳のゴミを掃除する最強習慣,2026-05-19,1091,87557,3.74,6217,5712,53.32,0:09:41,43,【】あり・数字あり・肩書きワード,,,https://www.youtube.com/watch?v=yLKVe8YVzcw,https://i.ytimg.com/vi/yLKVe8YVzcw/maxresdefault.jpg,https://i.ytimg.com/vi/yLKVe8YVzcw/hq720.jpg
111,UzIpwlPHYT8,クレンジングオイル9割が間違い！肌質別3選を腸活プロが教えます！,2026-01-13,1496,390133,3.74,26730,24895,37.78,0:09:25,32,数字あり・肩書きワード・悩みワード,,,https://www.youtube.com/watch?v=UzIpwlPHYT8,https://i.ytimg.com/vi/UzIpwlPHYT8/maxresdefault.jpg,https://i.ytimg.com/vi/UzIpwlPHYT8/hq720.jpg
112,Z2BajN3YWDc,口臭の原因は〇〇だった！？今すぐできる！口臭対策,2023-10-10,953,178526,3.71,332020,11779,33.26,0:05:17,24,悩みワード,,,https://www.youtube.com/watch?v=Z2BajN3YWDc,https://i.ytimg.com/vi/Z2BajN3YWDc/maxresdefault.jpg,https://i.ytimg.com/vi/Z2BajN3YWDc/hq720.jpg
113,KJhUESOvWn4,【整腸剤】ビオフェルミン・エビオス錠など人気のオススメ6選を腸活のプロが徹底解説！,2026-05-12,1110,825139,3.68,62431,44397,38.31,0:07:05,41,【】あり・数字あり・肩書きワード,,,https://www.youtube.com/watch?v=KJhUESOvWn4,https://i.ytimg.com/vi/KJhUESOvWn4/maxresdefault.jpg,https://i.ytimg.com/vi/KJhUESOvWn4/hq720.jpg
114,J1dMgqnT8q4,【エナジードリンク徹底比較】人口甘味料が血糖値と腸活に与える「最悪の影響」を解説！,2026-02-28,1108,109183,3.65,6623,6310,42.47,0:07:50,41,【】あり・格付けワード,,,https://www.youtube.com/watch?v=J1dMgqnT8q4,https://i.ytimg.com/vi/J1dMgqnT8q4/maxresdefault.jpg,https://i.ytimg.com/vi/J1dMgqnT8q4/hq720.jpg
115,GpAkXWj-7Vo,ニキビを最速で治す方法＆ニキビの予防法を徹底解説します【前編】,2023-10-13,795,38118,3.6,26016,2340,44.4,0:05:53,31,,,,https://www.youtube.com/watch?v=GpAkXWj-7Vo,https://i.ytimg.com/vi/GpAkXWj-7Vo/maxresdefault.jpg,https://i.ytimg.com/vi/GpAkXWj-7Vo/hq720.jpg
116,lcI92HposcE,【超有料級】腸活のプロが惚れた麹・甘酒専門店が宝庫すぎた！【神楽坂MURO】,2026-06-13,1714,376509,3.54,23366,20211,31.62,0:09:01,38,【】あり・肩書きワード・衝撃・有料級・保存版系,,,https://www.youtube.com/watch?v=lcI92HposcE,https://i.ytimg.com/vi/lcI92HposcE/maxresdefault.jpg,https://i.ytimg.com/vi/lcI92HposcE/hq720.jpg
117,q7lQ_TgP8bk,【トレーニー必見】筋トレで老けます！腸活のプロが語るプロテインの飲み過ぎで寿命が縮む理由,2026-04-04,1117,2551373,3.54,136692,126120,36.46,0:06:47,44,【】あり・肩書きワード・悩みワード,,,https://www.youtube.com/watch?v=q7lQ_TgP8bk,https://i.ytimg.com/vi/q7lQ_TgP8bk/maxresdefault.jpg,https://i.ytimg.com/vi/q7lQ_TgP8bk/hq720.jpg
118,tIx3EYxm9xk,【腸活プロ】旅行の朝ルーティン大公開！霧島で整うリーダーのアンチエイジング旅,2026-05-30,2008,65114,3.49,3563,3317,26.6,0:08:54,38,【】あり・肩書きワード,,,https://www.youtube.com/watch?v=tIx3EYxm9xk,https://i.ytimg.com/vi/tIx3EYxm9xk/maxresdefault.jpg,https://i.ytimg.com/vi/tIx3EYxm9xk/hq720.jpg
119,9DVJwwIn2zY,【腸活してからサウナに入れ】プロが語る腸内環境を壊す恐ろしい入り方3選,2026-06-09,890,71845,3.48,3927,3647,47.7,0:07:04,35,【】あり・数字あり・肩書きワード,,,https://www.youtube.com/watch?v=9DVJwwIn2zY,https://i.ytimg.com/vi/9DVJwwIn2zY/maxresdefault.jpg,https://i.ytimg.com/vi/9DVJwwIn2zY/hq720.jpg
120,bFf7gG37IHY,【腸活台無し】今すぐやめてほしいNGダイエット5選をプロが解説します！,2025-11-08,1099,221812,3.46,14501,13735,51.97,0:09:31,35,【】あり・数字あり・NGワード・肩書きワード,,,https://www.youtube.com/watch?v=bFf7gG37IHY,https://i.ytimg.com/vi/bFf7gG37IHY/maxresdefault.jpg,https://i.ytimg.com/vi/bFf7gG37IHY/hq720.jpg
121,2bDFJP6G5VI,【加齢臭・ワキガ】若いからと油断できない！腸活のプロが教える体臭ニオイ対策,2026-06-23,963,269731,3.39,12682,12198,40.36,0:06:28,37,【】あり・肩書きワード,,,https://www.youtube.com/watch?v=2bDFJP6G5VI,https://i.ytimg.com/vi/2bDFJP6G5VI/maxresdefault.jpg,https://i.ytimg.com/vi/2bDFJP6G5VI/hq720.jpg
122,l_SU3Ouxi50,スキンケアだけじゃ甘い！？肌のくすみを改善するインナーケアと睡眠法を徹底解説！,2024-02-23,495,38100,3.25,3112,1800,46.39,0:03:49,39,悩みワード,,,https://www.youtube.com/watch?v=l_SU3Ouxi50,https://i.ytimg.com/vi/l_SU3Ouxi50/maxresdefault.jpg,https://i.ytimg.com/vi/l_SU3Ouxi50/hq720.jpg
123,aFY3zWKs2RU,｢脳腸相関｣ 脳と腸の意外な関係,2023-09-28,761,29202,3.19,44243,1609,46.09,0:05:50,16,,,,https://www.youtube.com/watch?v=aFY3zWKs2RU,https://i.ytimg.com/vi/aFY3zWKs2RU/maxresdefault.jpg,https://i.ytimg.com/vi/aFY3zWKs2RU/hq720.jpg
124,NOsAA1epYp8,【9割が体感】腸活サプリが効く人と効かない人の決定的な違いをアンケート結果から紐解く,2026-03-07,1102,85422,3.17,4198,3980,41.17,0:07:33,42,【】あり・数字あり,,,https://www.youtube.com/watch?v=NOsAA1epYp8,https://i.ytimg.com/vi/NOsAA1epYp8/maxresdefault.jpg,https://i.ytimg.com/vi/NOsAA1epYp8/hq720.jpg
125,v4n_9HdgtlY,オートファジーで得られる4つの効果を徹底解説【後編】,2023-10-20,370,21925,3.16,5711,1295,51.63,0:03:11,26,数字あり,,,https://www.youtube.com/watch?v=v4n_9HdgtlY,https://i.ytimg.com/vi/v4n_9HdgtlY/maxresdefault.jpg,https://i.ytimg.com/vi/v4n_9HdgtlY/hq720.jpg
126,yvOR15HO1PI,【2025最新】ファスティングの新常識と正しいやり方を腸活プロが教えます！,2025-12-16,1149,205660,3.14,11012,9424,47.55,0:09:06,37,【】あり・数字あり・肩書きワード,,,https://www.youtube.com/watch?v=yvOR15HO1PI,https://i.ytimg.com/vi/yvOR15HO1PI/maxresdefault.jpg,https://i.ytimg.com/vi/yvOR15HO1PI/hq720.jpg
127,qXcXtDzzZCA,実は口臭の原因は腸！歯磨きだけでは足りない！腸活プロが対策と新常識を語ります！,2025-12-06,1067,117350,3.07,6927,6348,41.06,0:07:18,39,肩書きワード・悩みワード,,,https://www.youtube.com/watch?v=qXcXtDzzZCA,https://i.ytimg.com/vi/qXcXtDzzZCA/maxresdefault.jpg,https://i.ytimg.com/vi/qXcXtDzzZCA/hq720.jpg
128,9OwdH0GeYSw,老化を遅らせる？20年もの老化研究でわかった｢本当の老化｣とは,2023-09-21,741,39728,3.02,124477,1979,40.65,0:05:01,31,数字あり,,,https://www.youtube.com/watch?v=9OwdH0GeYSw,https://i.ytimg.com/vi/9OwdH0GeYSw/maxresdefault.jpg,https://i.ytimg.com/vi/9OwdH0GeYSw/hq720.jpg
129,XfSzdBJd4uQ,毛穴目立ち･シワは｢美肌菌｣が原因？！美肌菌が肌に与える効果と菌の増やし方を解説します,2023-12-30,490,20796,2.99,2992,994,46.18,0:03:46,43,悩みワード,,,https://www.youtube.com/watch?v=XfSzdBJd4uQ,https://i.ytimg.com/vi/XfSzdBJd4uQ/maxresdefault.jpg,https://i.ytimg.com/vi/XfSzdBJd4uQ/hq720.jpg
130,KT3Crevgehs,｢ファスティング｣の落とし穴と対策を徹底解説,2023-09-14,691,18244,2.81,10636,1059,50.4,0:05:48,22,,,,https://www.youtube.com/watch?v=KT3Crevgehs,https://i.ytimg.com/vi/KT3Crevgehs/maxresdefault.jpg,https://i.ytimg.com/vi/KT3Crevgehs/hq720.jpg
131,43vnygouods,腸活のプロが遂にあの大物ビジネスインフルエンサーと腸活始めます！,2026-01-17,822,81995,2.79,3405,3168,42.49,0:05:49,32,肩書きワード,,,https://www.youtube.com/watch?v=43vnygouods,https://i.ytimg.com/vi/43vnygouods/maxresdefault.jpg,https://i.ytimg.com/vi/43vnygouods/hq720.jpg
132,B32WB1GCqRY,【老化を遅める】根本的にターンオーバーを整える方法とおすすめのスキンケア,2024-03-08,410,54081,2.64,4246,2122,47.3,0:03:13,36,【】あり,,,https://www.youtube.com/watch?v=B32WB1GCqRY,https://i.ytimg.com/vi/B32WB1GCqRY/maxresdefault.jpg,https://i.ytimg.com/vi/B32WB1GCqRY/hq720.jpg
133,1aDJnYFsGIo,ニキビが増える間違ったスキンケアを徹底解説【後編】,2023-10-17,624,23485,2.55,37572,1181,47.94,0:04:59,25,,,,https://www.youtube.com/watch?v=1aDJnYFsGIo,https://i.ytimg.com/vi/1aDJnYFsGIo/maxresdefault.jpg,https://i.ytimg.com/vi/1aDJnYFsGIo/hq720.jpg
134,9-yOgWcUhUI,【妊活と腸活】知らなきゃ損！腸内環境から変える妊娠しやすい体づくり,2026-03-24,1021,116611,2.49,4080,3811,42.08,0:07:09,33,【】あり,,,https://www.youtube.com/watch?v=9-yOgWcUhUI,https://i.ytimg.com/vi/9-yOgWcUhUI/maxresdefault.jpg,https://i.ytimg.com/vi/9-yOgWcUhUI/hq720.jpg
135,DzCGAeWIgGY,【肌荒れやすい方必見】原因は界面活性剤かも？身体への影響とシャンプーや洗顔料の正しい選び方を解説します,2024-01-26,580,32139,2.45,2231,1224,37.26,0:03:36,51,【】あり・悩みワード,,,https://www.youtube.com/watch?v=DzCGAeWIgGY,https://i.ytimg.com/vi/DzCGAeWIgGY/maxresdefault.jpg,https://i.ytimg.com/vi/DzCGAeWIgGY/hq720.jpg
136,ZsmJ6p_vhD0,偏頭痛の原因は〇〇だった！？今すぐできる治し方について解説します。,2024-01-22,496,19109,2.32,2325,708,51.53,0:04:15,33,,,,https://www.youtube.com/watch?v=ZsmJ6p_vhD0,https://i.ytimg.com/vi/ZsmJ6p_vhD0/maxresdefault.jpg,https://i.ytimg.com/vi/ZsmJ6p_vhD0/hq720.jpg
137,gBeJ49i-dhM,夜の緑茶1杯で痩せ体質!?時間栄養を徹底解説します,2023-10-06,749,48462,2.22,9548,1722,48.3,0:06:01,25,数字あり,,,https://www.youtube.com/watch?v=gBeJ49i-dhM,https://i.ytimg.com/vi/gBeJ49i-dhM/maxresdefault.jpg,https://i.ytimg.com/vi/gBeJ49i-dhM/hq720.jpg
138,NNAqCM8L2NI,毛穴の黒ずみ？原因と正しい毛穴ケア＆予防法を徹底解説,2023-11-10,477,13787,2.19,2368,585,51.98,0:04:07,26,,,,https://www.youtube.com/watch?v=NNAqCM8L2NI,https://i.ytimg.com/vi/NNAqCM8L2NI/maxresdefault.jpg,https://i.ytimg.com/vi/NNAqCM8L2NI/hq720.jpg
139,P9u9J6AvVt0,【クレンジング徹底比較】肌の乾燥は〇〇が原因?! 正しい選び方＆おすすめクレンジングを紹介します【専門家が解説】,2023-12-22,1197,210505,2.18,235913,10720,19.31,0:03:51,56,【】あり・格付けワード・悩みワード,,,https://www.youtube.com/watch?v=P9u9J6AvVt0,https://i.ytimg.com/vi/P9u9J6AvVt0/maxresdefault.jpg,https://i.ytimg.com/vi/P9u9J6AvVt0/hq720.jpg
140,9LjZgVuDSqc,"あの！廣田なおさんに｢菌ケア｣を伝授！""断食""のコツ＆腸内環境を整える食事法を解説します【初コラボ✨】",2023-12-08,1152,33187,2.03,34819,1439,36.63,0:07:02,51,,,,https://www.youtube.com/watch?v=9LjZgVuDSqc,https://i.ytimg.com/vi/9LjZgVuDSqc/maxresdefault.jpg,https://i.ytimg.com/vi/9LjZgVuDSqc/hq720.jpg
141,WFF3prkPe4Q,【肌くすみの原因】この生活してる人は今すぐやめて！くすみ４種と腸内環境の関係,2024-02-21,362,39391,1.9,2238,1064,48.7,0:02:56,38,【】あり・数字あり・NGワード・悩みワード,,,https://www.youtube.com/watch?v=WFF3prkPe4Q,https://i.ytimg.com/vi/WFF3prkPe4Q/maxresdefault.jpg,https://i.ytimg.com/vi/WFF3prkPe4Q/hq720.jpg
142,F-Ez-HLsc5k,【頭のフケ・かゆみ・抜け毛】頭皮悩みの原因と対策を徹底解説！,2024-04-26,634,52036,1.77,4108,1468,46.62,0:04:55,30,【】あり,,,https://www.youtube.com/watch?v=F-Ez-HLsc5k,https://i.ytimg.com/vi/F-Ez-HLsc5k/maxresdefault.jpg,https://i.ytimg.com/vi/F-Ez-HLsc5k/hq720.jpg
143,vuEokLVLHFA,【疲れやすい人必見】原因はグルテンかも？小麦が与える身体への影響とグルテンフリーのメリットを解説します,2024-01-03,393,28224,1.77,28344,915,50.73,0:03:19,51,【】あり・悩みワード,,,https://www.youtube.com/watch?v=vuEokLVLHFA,https://i.ytimg.com/vi/vuEokLVLHFA/maxresdefault.jpg,https://i.ytimg.com/vi/vuEokLVLHFA/hq720.jpg
144,KqkyadQKyAA,口臭予防？／歯医者を見分ける3つのコツ【後編】,2023-10-12,1022,11351,1.68,2614,397,40.7,0:06:55,23,数字あり・悩みワード,,,https://www.youtube.com/watch?v=KqkyadQKyAA,https://i.ytimg.com/vi/KqkyadQKyAA/maxresdefault.jpg,https://i.ytimg.com/vi/KqkyadQKyAA/hq720.jpg
145,IWVY3NvocIQ,【クレンジング革命】サラッと落ちて､お肌は保湿！？最新の原料を使ったオススメのクレンジングを紹介します,2024-01-29,537,24500,1.66,2153,678,40.88,0:03:39,51,【】あり・悩みワード,,,https://www.youtube.com/watch?v=IWVY3NvocIQ,https://i.ytimg.com/vi/IWVY3NvocIQ/maxresdefault.jpg,https://i.ytimg.com/vi/IWVY3NvocIQ/hq720.jpg
146,I4bSGJhbR0Q,【実は早すぎもNG】ターンオーバーの乱れとは？乱れる原因と肌の状態を解説します,2024-03-06,472,36455,1.54,2375,997,48.68,0:03:49,39,【】あり・NGワード・悩みワード,,,https://www.youtube.com/watch?v=I4bSGJhbR0Q,https://i.ytimg.com/vi/I4bSGJhbR0Q/maxresdefault.jpg,https://i.ytimg.com/vi/I4bSGJhbR0Q/hq720.jpg
147,uTXgLc9STzs,【乾燥肌の方必見】乾燥肌になる意外な原因と､保湿ケアのポイントを解説します,2024-02-05,522,23465,1.53,2102,609,44.41,0:03:51,37,【】あり・悩みワード,,,https://www.youtube.com/watch?v=uTXgLc9STzs,https://i.ytimg.com/vi/uTXgLc9STzs/maxresdefault.jpg,https://i.ytimg.com/vi/uTXgLc9STzs/hq720.jpg
148,F-QJOVgShLY,乾燥肌を治したいなら洗顔はやめて下さい。間違ったNG習慣と正しい対策方法,2024-02-07,576,23970,1.51,1584,731,46.64,0:04:28,36,NGワード・悩みワード,,,https://www.youtube.com/watch?v=F-QJOVgShLY,https://i.ytimg.com/vi/F-QJOVgShLY/maxresdefault.jpg,https://i.ytimg.com/vi/F-QJOVgShLY/hq720.jpg
149,oc7QfRIUbGk,インフルエンザ予防に｢ヨーグルトと緑茶｣が効果的？！免疫の老化を防ぐ食べ物・予防法を解説します,2023-12-13,540,17121,1.5,4182,548,37.11,0:03:20,47,,,,https://www.youtube.com/watch?v=oc7QfRIUbGk,https://i.ytimg.com/vi/oc7QfRIUbGk/maxresdefault.jpg,https://i.ytimg.com/vi/oc7QfRIUbGk/hq720.jpg
150,iUL83wdnyPw,新時代のダイエット法 ｢時間栄養学｣を徹底解説,2023-10-05,555,35024,1.47,18096,844,51.34,0:04:44,23,,,,https://www.youtube.com/watch?v=iUL83wdnyPw,https://i.ytimg.com/vi/iUL83wdnyPw/maxresdefault.jpg,https://i.ytimg.com/vi/iUL83wdnyPw/hq720.jpg
151,ekBMS6c46XA,【こばとも先生コラボ】赤ら顔で悩んでる方必見！酒さの症状・原因・改善法を完全解説！,2024-05-31,1086,74089,1.45,33650,2601,42.76,0:07:44,41,【】あり,,,https://www.youtube.com/watch?v=ekBMS6c46XA,https://i.ytimg.com/vi/ekBMS6c46XA/maxresdefault.jpg,https://i.ytimg.com/vi/ekBMS6c46XA/hq720.jpg
152,1HFn1iIA6Sg,生理前のつらい症状｢PMS(月経前症候群)｣について分かりやすく解説します,2024-01-31,665,22562,1.2,1252,496,36.69,0:04:03,37,,,,https://www.youtube.com/watch?v=1HFn1iIA6Sg,https://i.ytimg.com/vi/1HFn1iIA6Sg/maxresdefault.jpg,https://i.ytimg.com/vi/1HFn1iIA6Sg/hq720.jpg
153,l8doGyrtx1g,創業107年の味噌蔵で衝撃..！天然の麹菌を自家採取!? 無添加･自然栽培の味噌を作る｢マルカワみそ｣に密着取材しました！,2024-01-24,1561,40799,1.19,1642,858,32.92,0:08:33,61,数字あり・衝撃・有料級・保存版系,,,https://www.youtube.com/watch?v=l8doGyrtx1g,https://i.ytimg.com/vi/l8doGyrtx1g/maxresdefault.jpg,https://i.ytimg.com/vi/l8doGyrtx1g/hq720.jpg
154,mRY1_CyXr6M,"野菜がおいしい！栄養を逃さない""蒸し料理""で糖化を防ぐ！絶対得する簡単レシピ✨",2024-01-12,1320,18926,1.18,1085,497,22.99,0:05:03,39,NGワード,,,https://www.youtube.com/watch?v=mRY1_CyXr6M,https://i.ytimg.com/vi/mRY1_CyXr6M/maxresdefault.jpg,https://i.ytimg.com/vi/mRY1_CyXr6M/hq720.jpg
155,Oh6pwydvLLU,【老化予防レシピ】野菜の王様｢ケール｣を使用したオムレツの作り方【菌の専門家監修】,2023-12-04,772,16807,1.16,1195,329,29.34,0:03:46,41,【】あり,,,https://www.youtube.com/watch?v=Oh6pwydvLLU,https://i.ytimg.com/vi/Oh6pwydvLLU/maxresdefault.jpg,https://i.ytimg.com/vi/Oh6pwydvLLU/hq720.jpg
156,6XkJTBysheY,【生理前の不安イライラ対処法】PMS症状を和らげる4つの方法を解説します,2024-02-02,538,21903,1.15,1714,526,37.55,0:03:22,36,【】あり・数字あり,,,https://www.youtube.com/watch?v=6XkJTBysheY,https://i.ytimg.com/vi/6XkJTBysheY/maxresdefault.jpg,https://i.ytimg.com/vi/6XkJTBysheY/hq720.jpg
157,7fMU5v7UhMc,老化予防はいい食事から?! 老化を防ぐ食材を使った｢鯖のホイル焼き｣【菌ケアキッチン】,2023-12-20,653,14530,1.15,722,307,35.43,0:03:51,43,,,,https://www.youtube.com/watch?v=7fMU5v7UhMc,https://i.ytimg.com/vi/7fMU5v7UhMc/maxresdefault.jpg,https://i.ytimg.com/vi/7fMU5v7UhMc/hq720.jpg
158,B-ZvYaveUwg,便秘解消＆腸活レシピ｜濃厚豆乳春雨スープの作り方【菌の専門家監修】,2023-12-01,1110,13634,1.14,1821,359,25.35,0:04:41,33,悩みワード,,,https://www.youtube.com/watch?v=B-ZvYaveUwg,https://i.ytimg.com/vi/B-ZvYaveUwg/maxresdefault.jpg,https://i.ytimg.com/vi/B-ZvYaveUwg/hq720.jpg
159,zkSktGVO568,【肥満や鬱は薬が原因?!】薬が与える身体への影響、薬以外での対処法を解説します【菌の専門家】,2024-01-02,417,16437,0.89,1096,258,46.02,0:03:11,46,【】あり,,,https://www.youtube.com/watch?v=zkSktGVO568,https://i.ytimg.com/vi/zkSktGVO568/maxresdefault.jpg,https://i.ytimg.com/vi/zkSktGVO568/hq720.jpg
160,dCHb5uU_M7o,【薬はタバコより危険?!】早稲田大学が研究！胃薬による腸内環境の悪化と影響、予防法を解説します【菌の専門家】,2024-01-01,566,16283,0.88,1570,241,37.87,0:03:34,54,【】あり・NGワード,,,https://www.youtube.com/watch?v=dCHb5uU_M7o,https://i.ytimg.com/vi/dCHb5uU_M7o/maxresdefault.jpg,https://i.ytimg.com/vi/dCHb5uU_M7o/hq720.jpg
161,4l82hXlBLuA,【インフルエンザ】が異例の爆増？今すぐできる感染対策･予防法を解説します,2023-12-11,524,17546,0.88,20412,242,36.8,0:03:12,36,【】あり,,,https://www.youtube.com/watch?v=4l82hXlBLuA,https://i.ytimg.com/vi/4l82hXlBLuA/maxresdefault.jpg,https://i.ytimg.com/vi/4l82hXlBLuA/hq720.jpg
162,o_3DKidEjqQ,【菌ケアキッチン】イワシのトマトファルシ / 菌の専門家が教える老化予防レシピ,2023-11-13,1040,11873,0.79,2091,178,31.41,0:05:26,39,【】あり,,,https://www.youtube.com/watch?v=o_3DKidEjqQ,https://i.ytimg.com/vi/o_3DKidEjqQ/maxresdefault.jpg,https://i.ytimg.com/vi/o_3DKidEjqQ/hq720.jpg
163,_aUZC6rHNMI,【老化を防ぐ料理】抗酸化作用の食べ物を使った老化予防レシピ！カリフラワーとグレープフルーツのビタミンサラダ【菌の専門家監修】,2023-12-06,742,13531,0.78,887,247,33.68,0:04:09,62,【】あり,,,https://www.youtube.com/watch?v=_aUZC6rHNMI,https://i.ytimg.com/vi/_aUZC6rHNMI/maxresdefault.jpg,https://i.ytimg.com/vi/_aUZC6rHNMI/hq720.jpg
164,tJPf31ekrcU,"【茹でて和えるだけ】簡単おいしい ""ほうれん草とカブのきな粉ダレ和え""【老化予防レシピ?!】",2023-12-25,645,14455,0.67,749,189,33.84,0:03:38,46,【】あり,,,https://www.youtube.com/watch?v=tJPf31ekrcU,https://i.ytimg.com/vi/tJPf31ekrcU/maxresdefault.jpg,https://i.ytimg.com/vi/tJPf31ekrcU/hq720.jpg
,pEuNsQP4LWE,【サバ缶格付け】腸活のプロが選ぶならどれ？DHA・EPAで比べて分かった意外な差,2026-09-26,1168,未取得,未取得,39272,未取得,未取得,未取得,40,【】あり・格付けワード・肩書きワード,,,https://www.youtube.com/watch?v=pEuNsQP4LWE,https://i.ytimg.com/vi/pEuNsQP4LWE/maxresdefault.jpg,https://i.ytimg.com/vi/pEuNsQP4LWE/hq720.jpg
,wnXvEedyl44,【味噌腸活】スーパーで買える10商品を格付け！本物はたった3つでした,2026-09-22,1089,未取得,未取得,86875,未取得,未取得,未取得,34,【】あり・数字あり・格付けワード,,,https://www.youtube.com/watch?v=wnXvEedyl44,https://i.ytimg.com/vi/wnXvEedyl44/maxresdefault.jpg,https://i.ytimg.com/vi/wnXvEedyl44/hq720.jpg
,aUFlVRWiSp4,【ビタミン完全解説】13種類の役割と、腸活のプロが実際に飲んでいるサプリ,2026-09-19,1169,未取得,未取得,25041,未取得,未取得,未取得,36,【】あり・数字あり・肩書きワード,,,https://www.youtube.com/watch?v=aUFlVRWiSp4,https://i.ytimg.com/vi/aUFlVRWiSp4/maxresdefault.jpg,https://i.ytimg.com/vi/aUFlVRWiSp4/hq720.jpg
,5UZTPhUfOkw,【コストコ腸活】夏の疲れが抜けない人におすすめしたい11個の最強商品【Costco】,2026-09-15,1130,未取得,未取得,25959,未取得,未取得,未取得,42,【】あり・数字あり・店名あり・悩みワード,,,https://www.youtube.com/watch?v=5UZTPhUfOkw,https://i.ytimg.com/vi/5UZTPhUfOkw/maxresdefault.jpg,https://i.ytimg.com/vi/5UZTPhUfOkw/hq720.jpg
,AegK2UCycKs,【衝撃】我慢しても甘いもの欲は消えない！止めるのは意志ではなく腸内細菌でした,2026-09-12,980,未取得,未取得,24956,未取得,未取得,未取得,38,【】あり・衝撃・有料級・保存版系,,,https://www.youtube.com/watch?v=AegK2UCycKs,https://i.ytimg.com/vi/AegK2UCycKs/maxresdefault.jpg,https://i.ytimg.com/vi/AegK2UCycKs/hq720.jpg
,j32qv35W2C4,【コストコ爆買い】ヘトヘトのカメラマンに腸活のプロが最強食材を買ってあげました【Costco】,2026-09-08,1741,未取得,未取得,119017,未取得,未取得,未取得,47,【】あり・店名あり・肩書きワード,,,https://www.youtube.com/watch?v=j32qv35W2C4,https://i.ytimg.com/vi/j32qv35W2C4/maxresdefault.jpg,https://i.ytimg.com/vi/j32qv35W2C4/hq720.jpg
,OAacUF8rW2M,【衝撃】腸に最悪だと思っていたカレーが、実は最強の腸活食でした【腸活スパイスカレー】,2026-09-05,1025,未取得,未取得,61443,未取得,未取得,未取得,42,【】あり・衝撃・有料級・保存版系,,,https://www.youtube.com/watch?v=OAacUF8rW2M,https://i.ytimg.com/vi/OAacUF8rW2M/maxresdefault.jpg,https://i.ytimg.com/vi/OAacUF8rW2M/hq720.jpg
,6MI7GRKuo6k,【キムチ腸活】プロがスーパーで買える10商品を格付けしたら衝撃な結果に..,2026-09-01,1079,未取得,未取得,151815,未取得,未取得,未取得,37,【】あり・数字あり・格付けワード・肩書きワード・衝撃・有料級・保存版系,,,https://www.youtube.com/watch?v=6MI7GRKuo6k,https://i.ytimg.com/vi/6MI7GRKuo6k/maxresdefault.jpg,https://i.ytimg.com/vi/6MI7GRKuo6k/hq720.jpg
,2fRJPA8MBKw,【あなたの便は何タイプ？】腸活で本当に見るべきは食事より便でした,2026-08-29,1209,未取得,未取得,17348,未取得,未取得,未取得,32,【】あり,,,https://www.youtube.com/watch?v=2fRJPA8MBKw,https://i.ytimg.com/vi/2fRJPA8MBKw/maxresdefault.jpg,https://i.ytimg.com/vi/2fRJPA8MBKw/hq720.jpg
