videoId,title,publishedAt_JST,durationSec,kind,window_end_JST,status28d,viewsSnapshot_20260920
aUFlVRWiSp4,【ビタミン完全解説】13種類の役割と、腸活のプロが実際に飲んでいるサプリ,2026-09-19,1169,長尺,2026-10-16,未達,12837
5UZTPhUfOkw,【コストコ腸活】夏の疲れが抜けない人におすすめしたい11個の最強商品【Costco】,2026-09-15,1130,長尺,2026-10-12,未達,23036
AegK2UCycKs,【衝撃】我慢しても甘いもの欲は消えない！止めるのは意志ではなく腸内細菌でした,2026-09-12,980,長尺,2026-10-09,未達,23518
j32qv35W2C4,【コストコ爆買い】ヘトヘトのカメラマンに腸活のプロが最強食材を買ってあげました【Costco】,2026-09-08,1741,長尺,2026-10-05,未達,114748
OAacUF8rW2M,【衝撃】腸に最悪だと思っていたカレーが、実は最強の腸活食でした【腸活スパイスカレー】,2026-09-05,1025,長尺,2026-10-02,未達,57692
6MI7GRKuo6k,【キムチ腸活】プロがスーパーで買える10商品を格付けしたら衝撃な結果に..,2026-09-01,1079,長尺,2026-09-28,未達,143953
2fRJPA8MBKw,【あなたの便は何タイプ？】腸活で本当に見るべきは食事より便でした,2026-08-29,1209,長尺,2026-09-25,未達,16523
O2qpRQFrvqo,【睡眠不足じゃない】寝ても疲れが取れない人の腸活,2026-08-25,1051,長尺,2026-09-21,未達,18572
vDFa_tknpz8,【健康診断で引っかかった人】コレステロールが高い人ほど知っておきたい腸活とは？,2026-08-22,1094,長尺,2026-09-18,28日到達,12122
noE952NPTl8,【おならが臭い人】腸活のプロが教える「臭い」の原因と今すぐできる対策5選,2026-08-18,1126,長尺,2026-09-14,28日到達,13636
5SuO_jQnxUM,【大戸屋で腸活】健康そうに見えても要注意？腸活のプロが本気で選ぶベスト5,2026-08-15,1332,長尺,2026-09-11,28日到達,8665
TzjgkADSGtw,【2026年最新】痩せ菌がない方が効く！？腸活のプロが教えるダイエット腸活,2026-08-11,1077,長尺,2026-09-07,28日到達,12105
HTONG32Uirk,【結論】コーヒーは腸活に良い？悪い？プロが最新のデータをもとに白黒つけます,2026-08-08,1074,長尺,2026-09-04,28日到達,23985
m3vg3hVYZiU,【警告】お酒を飲むと腸内で何が起きる？腸活のプロが数千人分のデータで判明した衝撃の結果をお伝えします,2026-08-04,1153,長尺,2026-08-31,28日到達,31274
gojq1SlETuM,【豆乳腸活】プロが市販で買える豆乳を徹底比較！毎日飲むならどれを選ぶ？,2026-08-01,1397,長尺,2026-08-28,28日到達,25301
K-Dkn0HqG_Q,【iHerb腸活】赤ちゃん・IBS・便秘に効くおすすめ海外サプリ5選が凄すぎた...,2026-07-28,866,長尺,2026-08-24,28日到達,18943
-dj7GRjfols,【納豆腸活】スーパーで買える9種類をガチ比較してわかった衝撃の事実...,2026-07-25,1308,長尺,2026-08-21,28日到達,35501
Ttb-1FEtIIg,【鉄不足】健康診断では見落とされる...健康のために飲む鉄剤が腸を壊していた…,2026-07-21,1223,長尺,2026-08-17,28日到達,10793
aKDOIIfaiV8,【最強の腸活チェーン店】プロが“最高”と絶賛した「しんぱち食堂」で選ぶべき定食5選,2026-07-18,1087,長尺,2026-08-14,28日到達,8169
Mdv8karYiA8,【コスパ最強】業務スーパーで腸活を極めたプロがおすすめする最強食品7選,2026-07-14,917,長尺,2026-08-10,28日到達,16387
Myd4I8gvQoY,【徹底分析】元・ゴールドマンサックス田中渓の腸内を覗いてみたら、驚きの結果が出ました...,2026-07-11,1276,長尺,2026-08-07,28日到達,27858
n0Xc-VZBbWU,【お茶で腸活】腸活のプロが毎日飲むおすすめのお茶6選,2026-07-07,1252,長尺,2026-08-03,28日到達,21740
6kfVqAVPL0M,【超一流の習慣】元ゴールドマンサックス田中渓のルーティンを腸活のプロが徹底解説,2026-07-04,1283,長尺,2026-07-31,28日到達,44517
D5apYCSVsnw,【腸活におすすめの水】便秘・下痢・胃もたれを解消する正しい水の選び方を徹底解説,2026-06-30,1403,長尺,2026-07-27,28日到達,22014
-iUN_L6dDO4,【イライラ解消】なぜか怒りっぽいあなたのストレスを腸活のプロが即効で消します！,2026-06-27,1057,長尺,2026-07-24,28日到達,6206
2bDFJP6G5VI,【加齢臭・ワキガ】若いからと油断できない！腸活のプロが教える体臭ニオイ対策,2026-06-23,963,長尺,2026-07-20,28日到達,12558
4CbE6o4QEHA,【ガストで腸活】ファミレスは体に悪いは嘘！？プロが実際に頼む最強メニュー8選,2026-06-20,1227,長尺,2026-07-17,28日到達,8488
VrSNwHnIfRI,【スタバで腸活】プロがおすすめするダイエットにも効くスターバックスの頼み方を大公開【Starbucks】,2026-06-16,1621,長尺,2026-07-13,28日到達,28140
lcI92HposcE,【超有料級】腸活のプロが惚れた麹・甘酒専門店が宝庫すぎた！【神楽坂MURO】,2026-06-13,1714,長尺,2026-07-10,28日到達,22357
9DVJwwIn2zY,【腸活してからサウナに入れ】プロが語る腸内環境を壊す恐ろしい入り方3選,2026-06-09,890,長尺,2026-07-06,28日到達,3866
JRbc-YVsqhc,【サイゼで腸活】週末は家族でサイゼリヤ！外食中でも食べられる最強メニューをプロが大公開,2026-06-06,867,長尺,2026-07-03,28日到達,12386
u3vaTAWac6g,原材料診断！麺編！#kins #腸活 #麺類,2026-06-04,,ショート,2026-07-01,28日到達,18626
6gXPi1v0lWc,【下痢・胃もたれ解消】腸活を極めたプロが最近ハマっている麹の凄さ3選を徹底解説！,2026-06-02,1180,長尺,2026-06-29,28日到達,18015
tIx3EYxm9xk,【腸活プロ】旅行の朝ルーティン大公開！霧島で整うリーダーのアンチエイジング旅,2026-05-30,2008,長尺,2026-06-26,28日到達,3503
HsUsHvKnX5E,原材料診断！ヨーグルト編！#kins #腸活 #ヨーグルト,2026-05-28,,ショート,2026-06-24,28日到達,42892
kAPOcQYlfjs,【2026年最新】腸活を極めたプロが本気で選ぶおすすめ最強サプリ7選！,2026-05-26,1286,長尺,2026-06-22,28日到達,27969
Doasvik4Prw,【腸活ダイエット】むくみ解消で見た目激変！腸活のプロも実践する即痩せ習慣6選,2026-05-23,829,長尺,2026-06-19,28日到達,8198
G0QOj55oaGE,原材料診断！アイス編！#kins #腸活 #アイス,2026-05-21,,ショート,2026-06-17,28日到達,20222
yLKVe8YVzcw,【認知症予防】生活習慣で45%防げる！？腸活のプロが解説する脳のゴミを掃除する最強習慣,2026-05-19,1091,長尺,2026-06-15,28日到達,6087
KU4-sRJXZlk,【腸活vlog】腸活を極めたプロが大絶賛する鹿児島・霧島が最高すぎた！,2026-05-16,1490,長尺,2026-06-12,28日到達,4113
KJhUESOvWn4,【整腸剤】ビオフェルミン・エビオス錠など人気のオススメ6選を腸活のプロが徹底解説！,2026-05-12,1110,長尺,2026-06-08,28日到達,58280
VQN4Gf-M9wM,【9割の人がやってる】腸活のプロが明かす睡眠の質を爆下げする5つのNG習慣,2026-05-09,937,長尺,2026-06-05,28日到達,9622
5fuRCrvxDOk,【9割が買ってる】気付かず腸内を壊す腸活を極めたプロが絶対に摂らない油9選,2026-05-05,966,長尺,2026-06-01,28日到達,8131
riQUGM2XQEQ,【オリーブオイル・亜麻仁油・えごま油】腸内環境が激変！腸活のプロがおすすめする最強油9選,2026-05-02,975,長尺,2026-05-29,28日到達,14588
u0b4kZX1bXI,【プロテイン難民必見】腸活を極めたプロがおすすめする老けを防ぐ最強商品5選が凄すぎた！,2026-04-28,1186,長尺,2026-05-25,28日到達,76550
KItK4-zpOo4,【保存版】スーパーで買える最強の腸活ヨーグルト7選をプロが徹底比較！,2026-04-25,1046,長尺,2026-05-22,28日到達,201852
lWb6zrAimkA,【買わなきゃ損】腸活のプロが久世福商店で絶対に買う毎日食べたい食品5選が美味しすぎた！,2026-04-21,1030,長尺,2026-05-18,28日到達,11482
xUYBmBc317A,【衝撃】無添加でも腸には最悪！腸活プロが久世福商店で絶対に買わない商品5選が意外すぎた...,2026-04-18,924,長尺,2026-05-15,28日到達,7997
hItyY347ZTQ,【頭皮ケア3選】腸活のプロが選ぶ最強シャンプー！薄毛やニオイを解決する菌ケアの真実,2026-04-14,1095,長尺,2026-05-11,28日到達,28657
5qYuEWM0b3E,【口内ケアと最強歯ブラシ】腸活の効果を半減させる口腔内の炎症を止める習慣を教えます！,2026-04-11,1110,長尺,2026-05-08,28日到達,10353
5dZ7Q3Brmws,【衝撃】納豆やもち麦が逆効果？腸活でお腹が張る原因と放置NGな人の特徴,2026-04-07,886,長尺,2026-05-04,28日到達,32313
q7lQ_TgP8bk,【トレーニー必見】筋トレで老けます！腸活のプロが語るプロテインの飲み過ぎで寿命が縮む理由,2026-04-04,1117,長尺,2026-05-01,28日到達,150414
6DFwGS4SUCY,【衝撃】1時間の散歩より1分のダッシュが効く？最新研究が明かす驚きの腸活術,2026-03-31,900,長尺,2026-04-27,28日到達,7345
ofItnWEaDd4,【腸活鍋】食物繊維量がバグってる？オイシックスを腸活プロが忖度なしに実食してみた【Oisix】,2026-03-28,1405,長尺,2026-04-24,28日到達,6344
9-yOgWcUhUI,【妊活と腸活】知らなきゃ損！腸内環境から変える妊娠しやすい体づくり,2026-03-24,1021,長尺,2026-04-20,28日到達,4016
XlKKa2fkaMg,【最強の朝食】腸活のプロが辿り着いた努力ゼロで腸内環境を整える最短2品,2026-03-21,1176,長尺,2026-04-17,28日到達,41035
uNdvOl1IhEU,腸活中もパスタを食べたい！グルテン置き換え商品5選が美味しすぎた,2026-03-20,,ショート,2026-04-16,28日到達,7833
R8xjJXinAnc,【腸活お菓子】無印良品でプロがおすすめするおやつ6選が間違いなかった！,2026-03-17,977,長尺,2026-04-13,28日到達,28809
hZG0BZjJlTk,【大暴露】YouTubeでは絶対に言えない腸活業界の裏側と忖度なしの本音を全て話します！,2026-03-14,881,長尺,2026-04-10,28日到達,6891
xXKGZAmHLlQ,実は口臭の原因は腸！歯磨きだけでは足りない！,2026-03-13,,ショート,2026-04-09,28日到達,4488
XFlaHS5ldqM,【腸活は口腔内から】歯科医が教える腸活の盲点、究極の歯磨き粉5選,2026-03-10,1031,長尺,2026-04-06,28日到達,121321
4DOjf7ypAcg,腸活が逆効果   プロがカルディで絶対に買わない商品4つを解説！,2026-03-09,,ショート,2026-04-05,28日到達,4773
NOsAA1epYp8,【9割が体感】腸活サプリが効く人と効かない人の決定的な違いをアンケート結果から紐解く,2026-03-07,1102,長尺,2026-04-03,28日到達,4160
Jcjgkyu52WY,【カルディ腸活】美味しいのに腸に最高なKALDI食品5つをプロが見つけてきました！,2026-03-06,,ショート,2026-04-02,28日到達,4426
JuPE9_tPXvg,【40代の腸活】20代より動ける！腸活プロの血糖値と腸内環境を支配する究極習慣,2026-03-03,1396,長尺,2026-03-30,28日到達,26973
MX-8Hl6gIEE,コレで便秘も怖くない！腸活プロがおすすめの最強サプリ＆対策5選を大公開！,2026-03-02,,ショート,2026-03-29,28日到達,5373
J1dMgqnT8q4,【エナジードリンク徹底比較】人口甘味料が血糖値と腸活に与える「最悪の影響」を解説！,2026-02-28,1108,長尺,2026-03-27,28日到達,6548
epR7yDxixnM,【衝撃】生野菜が健康は嘘！おすすめ冷凍野菜5選を腸活プロが厳選！,2026-02-24,692,長尺,2026-03-23,28日到達,18985
yJrWDT6BBS4,【昼飯・寝酒・早食い】現代人の腸活が崩れるNG習慣5選をプロが解説！,2026-02-21,925,長尺,2026-03-20,28日到達,33217
JSpBuc-fz4A,【保存版】絶対に食べてはいけないNG成分7選を腸活プロが警告！,2026-02-17,882,長尺,2026-03-16,28日到達,30907
2vC5p-DyxUA,【コストコ爆買い】腸活を極めたプロがCOSTCOで絶対に買う商品を大公開！,2026-02-14,879,長尺,2026-03-13,28日到達,87111
9IpHvWikDeE,【たんぱく質・脂質・炭水化物】アメリカで大炎上中の新常識に腸活プロが物申す,2026-02-10,856,長尺,2026-03-09,28日到達,19992
OAlxKREPnHI,【超有料級】7年ぶりに腸活のプロをコストコに連れて行ったら、選び方が凄すぎた！【Costco】,2026-02-07,1403,長尺,2026-03-06,28日到達,287077
d30DUk5VH-4,【幼少期・思春期・40代・60代別】年代別腸活のやり方をプロに聞いてみた,2026-02-03,1003,長尺,2026-03-02,28日到達,29226
Y6S5J-gRflo,【有料級】腸活のプロも毎日飲むビタミンDが実はとても重要でした...！,2026-01-31,967,長尺,2026-02-27,28日到達,19880
GsSx8KI4JvA,腸活でストレス回避！プロが実際にやっている対策5つを紹介します。#ストレス #腸活 #ストレスフリー,2026-01-30,,ショート,2026-02-26,28日到達,6615
yMPPcP8B3Pw,腸活初心者の腸内フローラ検査結果が出たので、プロに診断してもらいました...,2026-01-27,1198,長尺,2026-02-23,28日到達,17167
67vcJSceCBM,「薄毛が気になる人へ」ハゲやすいNG習慣5つを腸活のプロが警告します。#ハゲ #腸活 #薄毛,2026-01-26,,ショート,2026-02-22,28日到達,4545
8bzfdNW_Tjs,甘いものは全部ダメ？砂糖・人工甘味料・フルーツを腸活のプロが徹底比較【四毒抜き】,2026-01-24,1139,長尺,2026-02-20,28日到達,32884
yIXry-BKc2s,【衝撃】腸活を台無しにする血糖値スパイクの恐怖と対策5選をプロに聞いてみた,2026-01-20,1310,長尺,2026-02-16,28日到達,15766
wur72XpfrAs,【腸活台無し】今すぐやめてほしいNGダイエット5選をプロが解説します！,2026-01-19,,ショート,2026-02-15,28日到達,4191
43vnygouods,腸活のプロが遂にあの大物ビジネスインフルエンサーと腸活始めます！,2026-01-17,822,長尺,2026-02-13,28日到達,3348
yuSQuCl7JeQ,無印良品が大好きな腸活のプロも、コレは買いません... #無印良品 #腸活 #ダイエット,2026-01-16,,ショート,2026-02-12,28日到達,3969
UzIpwlPHYT8,クレンジングオイル9割が間違い！肌質別3選を腸活プロが教えます！,2026-01-13,1496,長尺,2026-02-09,28日到達,26303
MjFQNJpS44A,「買わなきゃ損」腸活を極めたプロのおすすめ無印良品食品6選が美味しすぎた #無印良品 #腸活 #ダイエット,2026-01-12,,ショート,2026-02-08,28日到達,4070
_uoj9RczUKw,「行かなきゃ損」腸活を極めたプロが成城石井で絶対に買う食品を紹介します！,2026-01-10,1196,長尺,2026-02-06,28日到達,54582
zAxnATVENso,美肌は腸活から！菌ケアのプロが実際にやっている最強美容法を教えます！,2026-01-06,1006,長尺,2026-02-02,28日到達,32699
BKST-LYtgng,腸活プロの腸内を腸内細菌の第一人者にガチレビューしてもらった...【内藤裕二】,2025-12-30,1270,長尺,2026-01-26,28日到達,14188
qfx-DDx3IqU,【有料級】腸活のプロがコンビニで絶対に買う美味しすぎる食品5選 #コンビニ #腸活 #ダイエット,2025-12-29,,ショート,2026-01-25,28日到達,3479
Fe7LZi7k0ZI,腸内細菌の第一人者に老化と腸活の新常識を聞いたら、衝撃すぎた...【内藤裕二】,2025-12-27,1787,長尺,2026-01-23,28日到達,84236
qX6FmwZKMU4,「毎日食べてます」腸活を極めたプロが厳選した1日のフル食を大公開！#食事 #腸活 #朝食,2025-12-26,,ショート,2026-01-22,28日到達,5803
g3WmjlGyCAs,【保存版】腸活プロが実際に毎日行っている夜の快眠ルーティンを一挙大公開！,2025-12-23,1143,長尺,2026-01-19,28日到達,44561
dYLqYR6CmWM,【腸漏れ】今すぐやめて！腸活のプロが教えるあなたも食べてるNG食品5選 #腸漏れ #腸活 #食品,2025-12-22,,ショート,2026-01-18,28日到達,3985
q_HmklMR8Z8,【忖度無し】四毒抜きについて腸活のプロに聞いてみたら、意外な反応でした…,2025-12-20,1192,長尺,2026-01-16,28日到達,192996
Ld60qoURImk,【やってはいけない】腸活のプロが暴露する老化を加速させる習慣5選 #腸活 #老化 #糖質オフ,2025-12-19,,ショート,2026-01-15,28日到達,3186
yvOR15HO1PI,【2025最新】ファスティングの新常識と正しいやり方を腸活プロが教えます！,2025-12-16,1149,長尺,2026-01-12,28日到達,10597
amXnw6O4j6c,【2025年版】勘違いしがちなグルテンフリーの落とし穴5選 #グルテンフリー #腸活 #ダイエット,2025-12-15,,ショート,2026-01-11,28日到達,4689
foN_vLVqGvU,【有料級】腸活を極めたプロが実際に行っている朝のルーティンを大公開！,2025-12-13,1143,長尺,2026-01-09,28日到達,114544
2ORf8SvJ4dE,今日からできる！腸活で10歳若返る超簡単アンチエイジング5選をプロが教えます。 #アンチエイジング #腸活 #美容,2025-12-12,,ショート,2026-01-08,28日到達,2563
PNv3p2xlIiY,腸活中もパスタを食べたい！グルテン置き換え商品5選が美味しすぎた・・・,2025-12-09,880,長尺,2026-01-05,28日到達,12638
ZWXAoQoMtHE,「7年風邪引いてません」腸活のプロが免疫力を上げた習慣５つ、伝授します。 #風邪 #腸活 #風邪 ひかない,2025-12-08,,ショート,2026-01-04,28日到達,2723
qXcXtDzzZCA,実は口臭の原因は腸！歯磨きだけでは足りない！腸活プロが対策と新常識を語ります！,2025-12-06,1067,長尺,2026-01-02,28日到達,6765
Ani1WUcM_-A,「毎日飲んでます」腸活を極めたプロが厳選した最強サプリ5選 #サイリウム #高麗人参 #菌,2025-12-05,,ショート,2026-01-01,28日到達,4237
SPa3w-FVMns,腸活が逆効果...プロがカルディで絶対に買わない商品4つを解説！【KALDI】,2025-12-02,931,長尺,2025-12-29,28日到達,15392
5pOYOD9OfLM,【99%がやってしまう】腸活の落とし穴を5つ、プロが解説します #ヨーグルト #腸活 #やり方,2025-12-01,,ショート,2025-12-28,28日到達,2312
jhr2uboaFbM,【カルディ腸活】美味しいのに腸に最高なKALDI食品5つをプロが見つけてきました！,2025-11-29,1097,長尺,2025-12-26,28日到達,136704
YXripGV39lc,【睡眠・ダイエット】腸活を極めたプロおすすめの最強サプリがやばすぎた・・・,2025-11-25,801,長尺,2025-12-22,28日到達,22438
GseOWsz2ewA,コレで便秘も怖くない！腸活プロがおすすめの最強サプリ＆対策5選を大公開！,2025-11-22,689,長尺,2025-12-19,28日到達,25312
QuZBV9fCo_c,下痢・便秘・腹痛...その原因、過敏性腸症候群（IBS）？腸活プロが予防法をお教えします。,2025-11-18,722,長尺,2025-12-15,28日到達,24198
S3Ph4N2_xP8,中野優作の腸内がヤバすぎた...働き続けられる理由を腸活のプロが徹底解説,2025-11-17,,ショート,2025-12-14,28日到達,2677
RKohLj1qvTU,腸活でストレス回避！プロが実際にやっている対策5つを紹介します。,2025-11-15,867,長尺,2025-12-12,28日到達,28423
LVdMg0AiEQs,「怖いですね...」腸活の専門家が絶対に食べない食品添加物5選 #添加物 #腸活 #人工甘味料,2025-11-14,,ショート,2025-12-11,28日到達,2703
ftI5JQA9mkM,「薄毛が気になる人へ」ハゲやすいNG習慣5つを腸活のプロが警告します。,2025-11-11,765,長尺,2025-12-08,28日到達,75340
aDaleDvcTTc,腸活のプロがコンビニで絶対に買う食品5選 #コンビニ #腸活 #ダイエット,2025-11-10,,ショート,2025-12-07,28日到達,3895
bFf7gG37IHY,【腸活台無し】今すぐやめてほしいNGダイエット5選をプロが解説します！,2025-11-08,1099,長尺,2025-12-05,28日到達,14319
YUrJveu8ngo,無印良品が大好きな腸活のプロも、コレは買いません...,2025-11-04,722,長尺,2025-12-01,28日到達,20938
4Zsk228DWM4,「買わなきゃ損」腸活を極めたプロのおすすめ無印良品食品6選が美味しすぎた,2025-11-01,796,長尺,2025-11-28,28日到達,654146
DTJB4ZB7DBU,【有料級】腸活のプロがコンビニで絶対に買う美味しすぎる食品5選,2025-10-28,834,長尺,2025-11-24,28日到達,52856
7OVWlbwshQM,「コレは食べません！」腸活のプロがコンビニで絶対に買わない食品５選,2025-10-25,884,長尺,2025-11-21,28日到達,34778
EB_G02ybfk0,「怖いですね...」腸活の専門家が絶対に食べない食品添加物5選 カップ麺編 #添加物 #腸活,2025-10-24,,ショート,2025-11-20,28日到達,4173
5cbW8betBC0,「怖いですね...」腸活の専門家が絶対に食べない食品添加物5選 アイス編,2025-10-24,,ショート,2025-11-20,28日到達,6337
vpyZGfKnMbI,「怖いですね...」腸活の専門家が絶対に食べない食品添加物5選 #添加物 #腸活,2025-10-24,,ショート,2025-11-20,28日到達,2698
fpAnuNrRW6E,「毎日食べてます」腸活を極めたプロが厳選した1日のフル食を大公開！,2025-10-21,986,長尺,2025-11-17,28日到達,364823
Qo9c5EDfTYA,【腸漏れ】今すぐやめて！腸活のプロが教えるあなたも食べてるNG食品5選,2025-10-18,741,長尺,2025-11-14,28日到達,27468
arAbsMeBV30,【やってはいけない】腸活のプロが暴露する老化を加速させる習慣5選,2025-10-14,863,長尺,2025-11-10,28日到達,52153
z34UKW6sjuE,【2025年版】勘違いしがちなグルテンフリーの落とし穴5選,2025-10-11,1059,長尺,2025-11-07,28日到達,33524
rTMJrBPWhlI,今日からできる！腸活で10歳若返る超簡単アンチエイジング5選をプロが教えます。,2025-10-07,678,長尺,2025-11-03,28日到達,12908
AeA2yAndSVA,「7年風邪引いてません」腸活のプロが免疫力を上げた習慣５つ、伝授します。,2025-10-04,594,長尺,2025-10-31,28日到達,17373
7Z22O2Xl768,【99%がやってしまう】腸活の落とし穴を5つ、プロが解説します,2025-09-30,939,長尺,2025-10-27,28日到達,30286
jHLDb7x6Lic,腸活を極めたプロが厳選！ダイエットに効く痩せ菌3選 #ダイエット #痩せ菌 #腸活,2025-09-29,,ショート,2025-10-26,28日到達,10320
ayuIk-0qb_M,疲れやすい人必見！日々のパフォーマンスを劇的に上げる腸活法5選 #疲れる #腸活 #仕事,2025-09-28,,ショート,2025-10-25,28日到達,3788
XOjHpeMguww,中野優作の腸内がヤバすぎた...働き続けられる理由を腸活のプロが徹底解説,2025-09-27,1694,長尺,2025-10-24,28日到達,114463
qb1CwKFE8Qw,「ウコン・ヘパリーゼやめとけ」酒飲みすぎた人の二日酔い解消腸活術5選 #腸活 #二日酔い#菌,2025-09-25,,ショート,2025-10-22,28日到達,1851
LXdb40PRb-8,「怖いですね...」腸活の専門家が絶対に食べない食品添加物5選,2025-09-23,802,長尺,2025-10-20,28日到達,48987
MLkAkPDZApU,「毎日飲んでます」腸活を極めたプロが厳選した最強サプリ5選,2025-09-20,960,長尺,2025-10-17,28日到達,123234
