区分,タイトル,URL,CH名,登録者数,再生数,倍率,公開日,尺(秒),型,ヒットKW,軸,期間,言語,サムネURL,サムネURL(hq720),食品名区分,主題区分
主枠,【保存版】毎日コレするだけ！肝臓が若返り脂肪と肌が激変します【健康雑学】,https://www.youtube.com/watch?v=aNDdpDb03PQ,今日から始める習慣【健康雑学】,305,100203,328.53,2026-06-11,635,D 改善・対策型,非アルコール性脂肪肝,病名軸,1年以内,ja,https://i.ytimg.com/vi/aNDdpDb03PQ/maxresdefault.jpg,https://i.ytimg.com/vi/aNDdpDb03PQ/hq720.jpg,③食品名なし（症状・数値・病名・体型のみ）,①脂肪肝・肝臓が主題
主枠,【脂肪肝リセット】更年期でも自然に痩せる！肝臓を整える黄金食材5選と、絶対NGの飲み物,https://www.youtube.com/watch?v=QXywHbM_9wc,非常識なダイエット博士 中村です。,4960,1208047,243.56,2026-09-10,1128,B 食品名指し型,脂肪肝 / 脂肪肝 改善 / 脂肪肝 治し方 / 脂肪肝 食事,脂肪肝軸,1年以内,ja,https://i.ytimg.com/vi/QXywHbM_9wc/maxresdefault.jpg,https://i.ytimg.com/vi/QXywHbM_9wc/hq720.jpg,③食品名なし（症状・数値・病名・体型のみ）,①脂肪肝・肝臓が主題
主枠,ワイ女、毎日酒9缶飲み続けたら結果γ-GTPがクソやばい事になる【ゆっくり解説】,https://www.youtube.com/watch?v=zPLLVCgMS3o,2ch健康カルテ,76,14708,193.53,2026-03-31,713,C 数値・検査解説型,γ-GTP,数値・検査軸,1年以内,ja,https://i.ytimg.com/vi/zPLLVCgMS3o/maxresdefault.jpg,https://i.ytimg.com/vi/zPLLVCgMS3o/hq720.jpg,②酒・アルコールのみ,①脂肪肝・肝臓が主題
主枠,【60代ダイエットvlog】88.2㎏→67.0kg｛－21.2kg｝60代でも変われた脂肪肝からの逆転1年5か月の総集編 #60代ダイエットvlog,https://www.youtube.com/watch?v=qbIiZlCU4ko,食費節約 脂肪肝ダイエット,2490,365877,146.94,2026-05-13,458,D 改善・対策型,脂肪肝 / 脂肪肝 改善 / 脂肪肝 治し方,脂肪肝軸,1年以内,ja,https://i.ytimg.com/vi/qbIiZlCU4ko/maxresdefault.jpg,https://i.ytimg.com/vi/qbIiZlCU4ko/hq720.jpg,③食品名なし（症状・数値・病名・体型のみ）,①脂肪肝・肝臓が主題
主枠,コレステロールが高い女性、この5つに気づかないと永久に下がりません,https://www.youtube.com/watch?v=aF-WjoULXcs,なおのダイエット研究所,8750,979896,111.99,2026-04-24,1833,C 数値・検査解説型,肝臓 数値 高い,数値・検査軸,1年以内,ja,https://i.ytimg.com/vi/aF-WjoULXcs/maxresdefault.jpg,https://i.ytimg.com/vi/aF-WjoULXcs/hq720.jpg,③食品名なし（症状・数値・病名・体型のみ）,②文脈のみ（ダイエット・血糖値・飲料・健診等。肝臓語なし）
主枠,【脂肪肝】薬は不要！1ヶ月で肝臓を蘇らせ減量にも成功した最速の「食べ物TOP5」と「最強の食事術」とは,https://www.youtube.com/watch?v=ivuGk3dfdC8,中高年からの本気で健康チャンネル,4150,298284,71.88,2026-02-02,1154,D 改善・対策型,健康診断 肝臓 / 肝臓 数値 高い / 脂肪肝 食事,脂肪肝軸,1年以内,ja,https://i.ytimg.com/vi/ivuGk3dfdC8/maxresdefault.jpg,https://i.ytimg.com/vi/ivuGk3dfdC8/hq720.jpg,③食品名なし（症状・数値・病名・体型のみ）,①脂肪肝・肝臓が主題
主枠,【9割が知らない！】〇〇で脂肪肝撃退！飲酒しなくても陥る肝硬変と対処法,https://www.youtube.com/watch?v=IoissxfNo6A,脱・通院ドクター梅チャンネル 〜お医者さんが教える病院に頼らない健康習慣〜,1600,103856,64.91,2025-11-08,658,D 改善・対策型,果糖ぶどう糖液糖 / 脂肪肝 / 脂肪肝 改善 / 脂肪肝 治し方 / 隠れ脂肪肝,脂肪肝軸,1年以内,ja,https://i.ytimg.com/vi/IoissxfNo6A/maxresdefault.jpg,https://i.ytimg.com/vi/IoissxfNo6A/hq720.jpg,②酒・アルコールのみ,①脂肪肝・肝臓が主題
主枠,【放置厳禁】脂肪肝の人は○○を食べている。肝臓を改善させる意外な食事方法を紹介【誰かに話したくなる健康雑学】,https://www.youtube.com/watch?v=mwR5zTaWSpU,ウマい健康雑学,16700,748655,44.83,2026-03-16,928,D 改善・対策型,脂肪肝 / 脂肪肝 改善 / 脂肪肝 治し方 / 脂肪肝 食事,脂肪肝軸,1年以内,ja,https://i.ytimg.com/vi/mwR5zTaWSpU/maxresdefault.jpg,https://i.ytimg.com/vi/mwR5zTaWSpU/hq720.jpg,③食品名なし（症状・数値・病名・体型のみ）,①脂肪肝・肝臓が主題
主枠,【肝臓ピカピカ✨】脂肪肝を驚異的に落とす裏技！現役内科医が実践する食事法を解説します!（痩せる 脂質異常症 血圧 血糖値）,https://www.youtube.com/watch?v=tRWtQnuFsXU,ドクターかずよ,8660,370934,42.83,2025-12-20,660,D 改善・対策型,脂肪肝 / 脂肪肝 改善 / 脂肪肝 治し方 / 脂肪肝 食事,脂肪肝軸,1年以内,ja,https://i.ytimg.com/vi/tRWtQnuFsXU/maxresdefault.jpg,https://i.ytimg.com/vi/tRWtQnuFsXU/hq720.jpg,③食品名なし（症状・数値・病名・体型のみ）,①脂肪肝・肝臓が主題
主枠,【最新】医者だから言える肝臓の脂肪をごっそり落とす方法3選,https://www.youtube.com/watch?v=fWEcDUhswAQ,脱・通院ドクター梅チャンネル 〜お医者さんが教える病院に頼らない健康習慣〜,1600,58080,36.30,2025-12-24,832,D 改善・対策型,健康診断 肝臓 / 果糖ぶどう糖液糖 / 非アルコール性脂肪肝,病名軸,1年以内,ja,https://i.ytimg.com/vi/fWEcDUhswAQ/maxresdefault.jpg,https://i.ytimg.com/vi/fWEcDUhswAQ/hq720.jpg,③食品名なし（症状・数値・病名・体型のみ）,①脂肪肝・肝臓が主題
主枠,【超有益】肝臓の脂肪をごっそり落とす方法（コレステロール 中性脂肪 脂肪肝）,https://www.youtube.com/watch?v=_XAIXRvHE6g,60歳からでも健康に若返る,1630,47861,29.36,2026-02-21,1860,D 改善・対策型,隠れ脂肪肝 / 非アルコール性脂肪肝,病名軸,1年以内,ja,https://i.ytimg.com/vi/_XAIXRvHE6g/maxresdefault.jpg,https://i.ytimg.com/vi/_XAIXRvHE6g/hq720.jpg,③食品名なし（症状・数値・病名・体型のみ）,①脂肪肝・肝臓が主題
主枠,【40代から急増】寝ている間に肝臓を回復！白髪と内臓脂肪を減らす「夜の肝臓修復」【誰かに話したくなる健康雑学】,https://www.youtube.com/watch?v=cCUMq_YWryw,そろそろ気になる雑学【健康雑学】,49300,942011,19.11,2026-02-03,640,D 改善・対策型,脂肪肝 改善 / 脂肪肝 治し方,脂肪肝軸,1年以内,ja,https://i.ytimg.com/vi/cCUMq_YWryw/maxresdefault.jpg,https://i.ytimg.com/vi/cCUMq_YWryw/hq720.jpg,③食品名なし（症状・数値・病名・体型のみ）,①脂肪肝・肝臓が主題
主枠,断酒の効果はいつから？1週間・1ヶ月・1年の肝臓回復ロードマップを徹底解説！,https://www.youtube.com/watch?v=BKkTVO_kO9A,さらば酒と脂肪,2360,44643,18.92,2025-11-21,459,D 改善・対策型,γ-GTP / 健康診断 肝臓 / 脂肪肝 治し方,脂肪肝軸,1年以内,ja,https://i.ytimg.com/vi/BKkTVO_kO9A/maxresdefault.jpg,https://i.ytimg.com/vi/BKkTVO_kO9A/hq720.jpg,②酒・アルコールのみ,①脂肪肝・肝臓が主題
主枠,【脂肪肝を改善して瘦せる】脂肪肝を改善して驚異的に痩せる裏技TOP５（脂肪肝 脂質異常症 血圧 血糖値）,https://www.youtube.com/watch?v=A1ZYg_TXY24,人生最後のダイエットチャンネル,92300,1422302,15.41,2025-10-09,1028,D 改善・対策型,健康診断 肝臓 / 肝臓 数値 高い / 脂肪肝 / 脂肪肝 改善 / 脂肪肝 治し方 / 脂肪肝 食事,脂肪肝軸,1年以内,ja,https://i.ytimg.com/vi/A1ZYg_TXY24/maxresdefault.jpg,https://i.ytimg.com/vi/A1ZYg_TXY24/hq720.jpg,③食品名なし（症状・数値・病名・体型のみ）,①脂肪肝・肝臓が主題
主枠,【知らないと危険】健康寿命が縮む食べ物ワースト5｜今日からやめる習慣,https://www.youtube.com/watch?v=LFxK1geKUbU,シニアの人生ライフ,337,4210,12.49,2025-11-02,468,B 食品名指し型,加糖飲料 危険,飲料・糖軸,1年以内,ja,https://i.ytimg.com/vi/LFxK1geKUbU/maxresdefault.jpg,https://i.ytimg.com/vi/LFxK1geKUbU/hq720.jpg,③食品名なし（症状・数値・病名・体型のみ）,②文脈のみ（ダイエット・血糖値・飲料・健診等。肝臓語なし）
主枠,がんなのに健康診断A判定、、、肝臓がんで亡くなった社員の実体験を話します。【まも〜る / がん保険 / 肝臓がん】,https://www.youtube.com/watch?v=pSSZifCcfXI,がん保険の専門家チャンネル【久米 慶】,1650,19130,11.59,2026-04-04,858,C 数値・検査解説型,健康診断 肝臓,数値・検査軸,1年以内,ja,https://i.ytimg.com/vi/pSSZifCcfXI/maxresdefault.jpg,https://i.ytimg.com/vi/pSSZifCcfXI/hq720.jpg,③食品名なし（症状・数値・病名・体型のみ）,①脂肪肝・肝臓が主題
主枠,食べてないのに太る原因は「肝臓」｜代謝を上げて内臓脂肪を減らす神食材３選,https://www.youtube.com/watch?v=J3xxoZ4WmMo,40代からのダイエット専門家【管理栄養士もぐみ】,38000,377448,9.93,2026-01-31,1485,D 改善・対策型,脂肪肝 食事 / 非アルコール性脂肪肝,脂肪肝軸,1年以内,ja,https://i.ytimg.com/vi/J3xxoZ4WmMo/maxresdefault.jpg,https://i.ytimg.com/vi/J3xxoZ4WmMo/hq720.jpg,③食品名なし（症状・数値・病名・体型のみ）,①脂肪肝・肝臓が主題
主枠,【脂肪肝】何をやっても痩せない本当の理由。14日で数値を正常化する最強の食べ物5選,https://www.youtube.com/watch?v=dV_BAgpHWr4,人生最後のダイエットチャンネル,92300,881777,9.55,2026-03-25,1636,D 改善・対策型,健康診断 肝臓 / 痩せ型 脂肪肝 / 肝臓 数値 高い / 脂肪肝 / 脂肪肝 改善 / 脂肪肝 治し方 / 脂肪肝 食事,脂肪肝軸,1年以内,ja,https://i.ytimg.com/vi/dV_BAgpHWr4/maxresdefault.jpg,https://i.ytimg.com/vi/dV_BAgpHWr4/hq720.jpg,③食品名なし（症状・数値・病名・体型のみ）,①脂肪肝・肝臓が主題
主枠,【脂肪肝の初期症状】気付いたら手遅れ…体が出す危険なサインTOP5,https://www.youtube.com/watch?v=4Q-v8e6e1Iw,100年ドクター | 医師 歌島大輔【食事と生活習慣】,5490,45823,8.35,2026-03-16,611,C 数値・検査解説型,健康診断 肝臓,数値・検査軸,1年以内,ja,https://i.ytimg.com/vi/4Q-v8e6e1Iw/maxresdefault.jpg,https://i.ytimg.com/vi/4Q-v8e6e1Iw/hq720.jpg,③食品名なし（症状・数値・病名・体型のみ）,①脂肪肝・肝臓が主題
主枠,9割が知らないマッチョの真実！！肝機能・腎機能の異常値を示す理由とは？,https://www.youtube.com/watch?v=y-N7LD_0nqM,きんにく先生@横井英人,4910,37615,7.66,2026-03-17,928,A 通説否定型,健康診断 肝臓,数値・検査軸,1年以内,ja,https://i.ytimg.com/vi/y-N7LD_0nqM/maxresdefault.jpg,https://i.ytimg.com/vi/y-N7LD_0nqM/hq720.jpg,③食品名なし（症状・数値・病名・体型のみ）,①脂肪肝・肝臓が主題
主枠,【不摂生】50代ワイ、酒飲めないのに肝硬変になってしまうww【2ch風解説】,https://www.youtube.com/watch?v=DtBllONFBi8,イッチを労わりたい【まとめ風解説】,15300,113867,7.44,2026-03-14,906,C 数値・検査解説型,非アルコール性脂肪肝,病名軸,1年以内,ja,https://i.ytimg.com/vi/DtBllONFBi8/maxresdefault.jpg,https://i.ytimg.com/vi/DtBllONFBi8/hq720.jpg,②酒・アルコールのみ,①脂肪肝・肝臓が主題
主枠,【脂肪肝】放置して手遅れになる前に！5つの危険症状と今日からできる改善法,https://www.youtube.com/watch?v=PYpMtIpQJ1Q,中高年からの本気で健康チャンネル,4150,28688,6.91,2026-03-17,772,C 数値・検査解説型,健康診断 肝臓 / 非アルコール性脂肪肝,病名軸,1年以内,ja,https://i.ytimg.com/vi/PYpMtIpQJ1Q/maxresdefault.jpg,https://i.ytimg.com/vi/PYpMtIpQJ1Q/hq720.jpg,③食品名なし（症状・数値・病名・体型のみ）,①脂肪肝・肝臓が主題
主枠,【γ-GTP 下げる】お酒だけが原因じゃない！肝臓数値改善3つの方法【肝臓数値の改善法】 「脂肪肝・薬・ストレス…原因はひとつじゃない。今すぐできる食事＆生活習慣改善法」,https://www.youtube.com/watch?v=3pMFOMJ0QhE,健康診断あんしんちゃんネル,966,6159,6.38,2025-10-10,497,D 改善・対策型,γ-GTP / 健康診断 肝臓 / 肝臓 数値 高い,数値・検査軸,1年以内,ja,https://i.ytimg.com/vi/3pMFOMJ0QhE/maxresdefault.jpg,https://i.ytimg.com/vi/3pMFOMJ0QhE/hq720.jpg,②酒・アルコールのみ,①脂肪肝・肝臓が主題
主枠,"【脂肪肝】リンゴ酢に""この粉""を混ぜるだけ！7日で内臓脂肪と肝臓の脂肪がドバドバ落ちる最強レシピ【中性脂肪-18%】",https://www.youtube.com/watch?v=ZnM9EqUZHec,人生最後のダイエットチャンネル,92300,549736,5.96,2026-08-26,1137,D 改善・対策型,脂肪肝 改善 / 脂肪肝 治し方,脂肪肝軸,1年以内,ja,https://i.ytimg.com/vi/ZnM9EqUZHec/maxresdefault.jpg,https://i.ytimg.com/vi/ZnM9EqUZHec/hq720.jpg,①具体的な食品・飲料名あり（酒以外）,①脂肪肝・肝臓が主題
主枠,【保存版】肝臓の脂肪を最速で落とす最強食材TOP7【プロ解説】,https://www.youtube.com/watch?v=zLQ5cMW21c4,人生最後のダイエットチャンネル,92300,538861,5.84,2026-03-28,1521,D 改善・対策型,脂肪肝 改善 / 脂肪肝 治し方 / 脂肪肝 食事,脂肪肝軸,1年以内,ja,https://i.ytimg.com/vi/zLQ5cMW21c4/maxresdefault.jpg,https://i.ytimg.com/vi/zLQ5cMW21c4/hq720.jpg,③食品名なし（症状・数値・病名・体型のみ）,①脂肪肝・肝臓が主題
主枠,【9割が勘違い】”脂肪肝になる食べ物”の噂を医師が本気で判定｜サプリ・断食・コーヒーの真実,https://www.youtube.com/watch?v=Hga18UDbyVQ,Dr.こうへいの予防医療通信,31400,169962,5.41,2026-06-07,1155,B 食品名指し型,脂肪肝 / 脂肪肝 改善 / 脂肪肝 治し方 / 脂肪肝 食事 / 非アルコール性脂肪肝,脂肪肝軸,1年以内,ja,https://i.ytimg.com/vi/Hga18UDbyVQ/maxresdefault.jpg,https://i.ytimg.com/vi/Hga18UDbyVQ/hq720.jpg,①具体的な食品・飲料名あり（酒以外）,①脂肪肝・肝臓が主題
主枠,断続的断食をすると肝臓に何が起こる？【断食の効果】,https://www.youtube.com/watch?v=uvlOraQCM6I,歩く健康ラボ,3840,19355,5.04,2026-09-15,923,D 改善・対策型,非アルコール性脂肪肝,病名軸,1年以内,ja,https://i.ytimg.com/vi/uvlOraQCM6I/maxresdefault.jpg,https://i.ytimg.com/vi/uvlOraQCM6I/hq720.jpg,③食品名なし（症状・数値・病名・体型のみ）,①脂肪肝・肝臓が主題
主枠,【がん】なりやすい体質・体型ワースト10｜健診の紙に出ている「なりやすさ」を在宅医が解説,https://www.youtube.com/watch?v=Tge1C-uBPuw,Dr.こうへいの予防医療通信,31400,146036,4.65,2026-10-01,1645,B 食品名指し型,健康診断 肝臓,数値・検査軸,1年以内,ja,https://i.ytimg.com/vi/Tge1C-uBPuw/maxresdefault.jpg,https://i.ytimg.com/vi/Tge1C-uBPuw/hq720.jpg,③食品名なし（症状・数値・病名・体型のみ）,②文脈のみ（ダイエット・血糖値・飲料・健診等。肝臓語なし）
主枠,14 健康診断の結果を放置しないで！エコー検査でわかる脂肪肝の重症度,https://www.youtube.com/watch?v=Dl3ifLy_Uws,【肝臓病専門医】Dr.さいとうの肝臓再生医療チャンネル,867,3998,4.61,2025-12-08,469,C 数値・検査解説型,健康診断 肝臓 / 肝臓 数値 高い / 隠れ脂肪肝 / 非アルコール性脂肪肝,病名軸,1年以内,ja,https://i.ytimg.com/vi/Dl3ifLy_Uws/maxresdefault.jpg,https://i.ytimg.com/vi/Dl3ifLy_Uws/hq720.jpg,③食品名なし（症状・数値・病名・体型のみ）,①脂肪肝・肝臓が主題
主枠,【脂肪肝を改善して瘦せる】3ヵ月で-8kg痩せるために最初にやった内臓脂肪を減らす食べ物8選【50代ダイエット】,https://www.youtube.com/watch?v=Ki7J3qoUVCg,家トレダイエット-のりfitness,228000,922117,4.04,2026-02-13,1469,D 改善・対策型,脂肪肝 / 脂肪肝 改善 / 脂肪肝 治し方 / 脂肪肝 食事,脂肪肝軸,1年以内,ja,https://i.ytimg.com/vi/Ki7J3qoUVCg/maxresdefault.jpg,https://i.ytimg.com/vi/Ki7J3qoUVCg/hq720.jpg,③食品名なし（症状・数値・病名・体型のみ）,①脂肪肝・肝臓が主題
主枠,更年期の脂肪肝、これが1番痩せます【知って得する健康雑学】【40代 50代 60代】【肝臓】【聞き流し】,https://www.youtube.com/watch?v=Dq2WEAIFOSg,【知って得する】健康雑学,29700,115342,3.88,2026-09-19,1066,D 改善・対策型,脂肪肝 食事,脂肪肝軸,1年以内,ja,https://i.ytimg.com/vi/Dq2WEAIFOSg/maxresdefault.jpg,https://i.ytimg.com/vi/Dq2WEAIFOSg/hq720.jpg,③食品名なし（症状・数値・病名・体型のみ）,①脂肪肝・肝臓が主題
主枠,【医者も驚愕】14日間で肝臓脂肪を「勝手に」消し去った『秘密の飲み物』の正体をついに公開【AST 87→23＆体重-5.8kg】,https://www.youtube.com/watch?v=72rzuEHAEiA,人生最後のダイエットチャンネル,92300,346535,3.75,2026-05-20,1112,A 通説否定型,健康診断 肝臓 / 肝臓 数値 高い / 脂肪肝 / 脂肪肝 改善 / 脂肪肝 治し方 / 脂肪肝 食事,脂肪肝軸,1年以内,ja,https://i.ytimg.com/vi/72rzuEHAEiA/maxresdefault.jpg,https://i.ytimg.com/vi/72rzuEHAEiA/hq720.jpg,③食品名なし（症状・数値・病名・体型のみ）,①脂肪肝・肝臓が主題
主枠,【絶対放置するな】本当は怖い更年期女性の脂肪肝を改善して6キロ痩せる食べ物5選,https://www.youtube.com/watch?v=zAKBumQ_yCk,体脂肪専門家くどう・体脂肪を狙って落とすダイエット講座,218000,793506,3.64,2026-07-25,1539,D 改善・対策型,脂肪肝 / 脂肪肝 改善 / 脂肪肝 治し方 / 脂肪肝 食事,脂肪肝軸,1年以内,ja,https://i.ytimg.com/vi/zAKBumQ_yCk/maxresdefault.jpg,https://i.ytimg.com/vi/zAKBumQ_yCk/hq720.jpg,③食品名なし（症状・数値・病名・体型のみ）,①脂肪肝・肝臓が主題
主枠,【硬い肝臓が全ての原因】肩こり・頭痛が消える7日間プログラム。筋肉ほぐしても治らない人へ。原因は“肝臓”です,https://www.youtube.com/watch?v=lW0DnXsrcSA,めぐわ先生のセルフケア教室,289000,1046914,3.62,2026-02-13,580,D 改善・対策型,脂肪肝 治し方,脂肪肝軸,1年以内,ja,https://i.ytimg.com/vi/lW0DnXsrcSA/maxresdefault.jpg,https://i.ytimg.com/vi/lW0DnXsrcSA/hq720.jpg,③食品名なし（症状・数値・病名・体型のみ）,①脂肪肝・肝臓が主題
主枠,【脂肪肝改善】更年期でも勝手に痩せる！「脂肪肝」をリセットする奇跡の食べ物5選と最悪の飲み物,https://www.youtube.com/watch?v=FNo3-6xZBD0,人生最後のダイエットチャンネル,92300,304106,3.29,2026-08-23,1534,B 食品名指し型,脂肪肝 改善 / 脂肪肝 治し方 / 脂肪肝 食事,脂肪肝軸,1年以内,ja,https://i.ytimg.com/vi/FNo3-6xZBD0/maxresdefault.jpg,https://i.ytimg.com/vi/FNo3-6xZBD0/hq720.jpg,③食品名なし（症状・数値・病名・体型のみ）,①脂肪肝・肝臓が主題
主枠,食べても痩せない原因は「脂肪肝」だった？14日で肝臓をリセットして10kg痩せる極意,https://www.youtube.com/watch?v=qr5Sbv04Eec,人生最後のダイエットチャンネル,92300,276277,2.99,2026-02-17,1381,D 改善・対策型,痩せ型 脂肪肝 / 脂肪肝 改善 / 脂肪肝 食事,脂肪肝軸,1年以内,ja,https://i.ytimg.com/vi/qr5Sbv04Eec/maxresdefault.jpg,https://i.ytimg.com/vi/qr5Sbv04Eec/hq720.jpg,③食品名なし（症状・数値・病名・体型のみ）,①脂肪肝・肝臓が主題
主枠,東京農業大学 名誉教授から学ぶ、栄養学的に正しい「老化を防ぐ」食事術 | 脂肪肝・動脈硬化を引き起こす「糖」 | コーラが体に悪い栄養学的な理由 | ブルーベリーの真実 | グルテンフリーは意味がない,https://www.youtube.com/watch?v=7-4KrOjU9nA,北條元治 | 形成外科医・肌の再生医療の専門家,393000,968428,2.46,2026-08-19,962,A 通説否定型,果糖ぶどう糖液糖 / 脂肪肝 / 脂肪肝 食事,脂肪肝軸,1年以内,ja,https://i.ytimg.com/vi/7-4KrOjU9nA/maxresdefault.jpg,https://i.ytimg.com/vi/7-4KrOjU9nA/hq720.jpg,①具体的な食品・飲料名あり（酒以外）,①脂肪肝・肝臓が主題
主枠,【空腹時血糖値爆上げ】このトマトジュースを毎日飲むと...【現役糖尿病内科医】,https://www.youtube.com/watch?v=IXevrwIK3lU,血糖おじさんのセルフ治療,469000,762916,1.63,2025-11-01,798,B 食品名指し型,野菜ジュース 危険,飲料・糖軸,1年以内,ja,https://i.ytimg.com/vi/IXevrwIK3lU/maxresdefault.jpg,https://i.ytimg.com/vi/IXevrwIK3lU/hq720.jpg,①具体的な食品・飲料名あり（酒以外）,②文脈のみ（ダイエット・血糖値・飲料・健診等。肝臓語なし）
主枠,【肝臓を壊す最恐の毒】野菜ジュースもNG！？飲料に潜む加糖の罠／大人の3人に1人が脂肪肝／肝臓外科医 ・尾形哲が糖尿病を遠ざける最強習慣を解説！【5年後の世界】,https://www.youtube.com/watch?v=KFrLq_5J3fI,5年後の世界,277000,445604,1.61,2026-09-02,1645,B 食品名指し型,加糖飲料 危険 / 脂肪肝 / 脂肪肝 改善 / 脂肪肝 治し方 / 脂肪肝 食事 / 野菜ジュース 危険,脂肪肝軸,1年以内,ja,https://i.ytimg.com/vi/KFrLq_5J3fI/maxresdefault.jpg,https://i.ytimg.com/vi/KFrLq_5J3fI/hq720.jpg,①具体的な食品・飲料名あり（酒以外）,①脂肪肝・肝臓が主題
主枠,【知らなきゃ損】肝臓の脂肪をごっそり落とす方法（コレステロール 中性脂肪 脂肪肝）,https://www.youtube.com/watch?v=sZrzuW0aKp0,やさしい予防医学チャンネル【医師解説】,409000,587938,1.44,2026-02-02,1460,D 改善・対策型,健康診断 肝臓 / 肝臓 数値 高い / 脂肪肝 / 脂肪肝 改善 / 脂肪肝 治し方 / 脂肪肝 食事,脂肪肝軸,1年以内,ja,https://i.ytimg.com/vi/sZrzuW0aKp0/maxresdefault.jpg,https://i.ytimg.com/vi/sZrzuW0aKp0/hq720.jpg,③食品名なし（症状・数値・病名・体型のみ）,①脂肪肝・肝臓が主題
主枠,【絶対放置するな】本当に怖い40代・50代男性の脂肪肝を改善して10kg痩せる方法7選,https://www.youtube.com/watch?v=huOEC8JsL7k,筋トレの科学【理学療法士リョウ】,178000,244691,1.37,2026-09-30,1434,D 改善・対策型,脂肪肝 改善 / 脂肪肝 食事,脂肪肝軸,1年以内,ja,https://i.ytimg.com/vi/huOEC8JsL7k/maxresdefault.jpg,https://i.ytimg.com/vi/huOEC8JsL7k/hq720.jpg,③食品名なし（症状・数値・病名・体型のみ）,①脂肪肝・肝臓が主題
参考枠,EL-NASH - Tak Ada Aku Lagi (Female Version),https://www.youtube.com/watch?v=AcrKJ_E29fQ,EL-NASH,2720,520615,191.40,2026-05-02,215,C 数値・検査解説型,NASH,病名軸,-,en,https://i.ytimg.com/vi/AcrKJ_E29fQ/maxresdefault.jpg,https://i.ytimg.com/vi/AcrKJ_E29fQ/hq720.jpg,③食品名なし（症状・数値・病名・体型のみ）,①脂肪肝・肝臓が主題
参考枠,Nash Blackwood - Love Me At My Lowest (Official Lyric Video),https://www.youtube.com/watch?v=WSG4HXt6dR0,Nash Blackwood,37500,2308529,61.56,2026-05-19,289,C 数値・検査解説型,NASH,病名軸,-,en,https://i.ytimg.com/vi/WSG4HXt6dR0/maxresdefault.jpg,https://i.ytimg.com/vi/WSG4HXt6dR0/hq720.jpg,③食品名なし（症状・数値・病名・体型のみ）,①脂肪肝・肝臓が主題
参考枠,NASH - Faut pas déconner - Clip Officiel,https://www.youtube.com/watch?v=6OwVduNjRMQ,Nash,237,14497,61.17,2026-04-24,247,C 数値・検査解説型,NASH,病名軸,-,en,https://i.ytimg.com/vi/6OwVduNjRMQ/maxresdefault.jpg,https://i.ytimg.com/vi/6OwVduNjRMQ/hq720.jpg,③食品名なし（症状・数値・病名・体型のみ）,①脂肪肝・肝臓が主題
参考枠,NASHIE ZIM - APA (official Music Video),https://www.youtube.com/watch?v=l1LiA5dyBbk,Nashie Zim,93200,4677890,50.19,2025-11-05,201,C 数値・検査解説型,NASH,病名軸,-,en,https://i.ytimg.com/vi/l1LiA5dyBbk/maxresdefault.jpg,https://i.ytimg.com/vi/l1LiA5dyBbk/hq720.jpg,③食品名なし（症状・数値・病名・体型のみ）,①脂肪肝・肝臓が主題
参考枠,Nash Blackwood - I’m Not Perfect (Official Video),https://www.youtube.com/watch?v=ubBKy7T-dzk,Nash Blackwood,37500,1561829,41.65,2026-05-12,224,C 数値・検査解説型,NASH,病名軸,-,en,https://i.ytimg.com/vi/ubBKy7T-dzk/maxresdefault.jpg,https://i.ytimg.com/vi/ubBKy7T-dzk/hq720.jpg,③食品名なし（症状・数値・病名・体型のみ）,①脂肪肝・肝臓が主題
参考枠,Nash Blackwood - I Would Say Yes To You (Official Lyric Video),https://www.youtube.com/watch?v=Gv638f1BtT8,Nash Blackwood,37500,1162192,30.99,2026-04-28,199,C 数値・検査解説型,NASH,病名軸,-,en,https://i.ytimg.com/vi/Gv638f1BtT8/maxresdefault.jpg,https://i.ytimg.com/vi/Gv638f1BtT8/hq720.jpg,③食品名なし（症状・数値・病名・体型のみ）,①脂肪肝・肝臓が主題
参考枠,"Sting & Goldberg saves Hulk Hogan from Kevin Nash,Rick Steiner & Sid Vicious:WCW Nitro August 9,1999",https://www.youtube.com/watch?v=fini9L7Dsw0,The Immortal Icon,31400,765775,24.39,2025-12-19,482,C 数値・検査解説型,NASH,病名軸,-,en,https://i.ytimg.com/vi/fini9L7Dsw0/maxresdefault.jpg,https://i.ytimg.com/vi/fini9L7Dsw0/hq720.jpg,③食品名なし（症状・数値・病名・体型のみ）,①脂肪肝・肝臓が主題
参考枠,Nash Blackwood - After Everything (Official Lyric Video),https://www.youtube.com/watch?v=IOXxf3C625U,Nash Blackwood,37500,737771,19.67,2026-05-24,183,C 数値・検査解説型,NASH,病名軸,-,en,https://i.ytimg.com/vi/IOXxf3C625U/maxresdefault.jpg,https://i.ytimg.com/vi/IOXxf3C625U/hq720.jpg,③食品名なし（症状・数値・病名・体型のみ）,①脂肪肝・肝臓が主題
参考枠,Dari Tero Nash Jawega (Official Video ) दारी तेरो नाश | Farmani Naaz | Rahul Mulheda | Vikki Sharma,https://www.youtube.com/watch?v=3m6zam0Fve8,Naaz Top 1,50800,872893,17.18,2025-12-03,189,C 数値・検査解説型,NASH,病名軸,-,en,https://i.ytimg.com/vi/3m6zam0Fve8/maxresdefault.jpg,https://i.ytimg.com/vi/3m6zam0Fve8/hq720.jpg,③食品名なし（症状・数値・病名・体型のみ）,①脂肪肝・肝臓が主題
参考枠,"Liver Function Test (LFT) Interpretation Made Easy | ALT, AST, ALP, GGT Explained",https://www.youtube.com/watch?v=UnrN4YiSWIU,Whiteboard Medicine Simplified,1470,20828,14.17,2026-04-30,1648,C 数値・検査解説型,ALT AST,数値・検査軸,-,en,https://i.ytimg.com/vi/UnrN4YiSWIU/maxresdefault.jpg,https://i.ytimg.com/vi/UnrN4YiSWIU/hq720.jpg,③食品名なし（症状・数値・病名・体型のみ）,①脂肪肝・肝臓が主題
参考枠,Nash Blackwood - Dear Mom (Official Lyric Video),https://www.youtube.com/watch?v=E743bglbBnU,Nash Blackwood,37500,472506,12.60,2026-08-19,208,C 数値・検査解説型,NASH,病名軸,-,en,https://i.ytimg.com/vi/E743bglbBnU/maxresdefault.jpg,https://i.ytimg.com/vi/E743bglbBnU/hq720.jpg,③食品名なし（症状・数値・病名・体型のみ）,①脂肪肝・肝臓が主題
参考枠,Metabolic Matters MASLD in Obesity: Early Detection and Management Part 2,https://www.youtube.com/watch?v=BcfCYxwa0lQ,DKBmed,1160,14209,12.25,2026-02-13,3283,C 数値・検査解説型,MASLD,病名軸,-,en,https://i.ytimg.com/vi/BcfCYxwa0lQ/maxresdefault.jpg,https://i.ytimg.com/vi/BcfCYxwa0lQ/hq720.jpg,③食品名なし（症状・数値・病名・体型のみ）,①脂肪肝・肝臓が主題
参考枠,Nash Blackwood - We Don't Need To Be Perfect (Official Lyric Video),https://www.youtube.com/watch?v=V32pEHax110,Nash Blackwood,37500,329631,8.79,2026-08-10,187,C 数値・検査解説型,NASH,病名軸,-,en,https://i.ytimg.com/vi/V32pEHax110/maxresdefault.jpg,https://i.ytimg.com/vi/V32pEHax110/hq720.jpg,③食品名なし（症状・数値・病名・体型のみ）,①脂肪肝・肝臓が主題
参考枠,MASLD 2,https://www.youtube.com/watch?v=4CBaibPcATU,Islamabad Gastroenterology Associates,282,2430,8.62,2026-01-02,301,C 数値・検査解説型,MASLD,病名軸,-,en,https://i.ytimg.com/vi/4CBaibPcATU/maxresdefault.jpg,https://i.ytimg.com/vi/4CBaibPcATU/hq720.jpg,③食品名なし（症状・数値・病名・体型のみ）,①脂肪肝・肝臓が主題
参考枠,Metabolic Matters MASLD in Obesity: Early Detection and Management Part 1,https://www.youtube.com/watch?v=7KyzRQPJgH0,DKBmed,1160,8984,7.74,2026-02-03,2547,C 数値・検査解説型,MASLD,病名軸,-,en,https://i.ytimg.com/vi/7KyzRQPJgH0/maxresdefault.jpg,https://i.ytimg.com/vi/7KyzRQPJgH0/hq720.jpg,③食品名なし（症状・数値・病名・体型のみ）,①脂肪肝・肝臓が主題
参考枠,護肝 迷思 大公開｜世界肝臟權威 黎青龍：發現眼黃已經太遲！｜減肥針有用？乙肝 可根治？夜瞓 會傷肝？拆解 護肝保健品 vs 自律養肝｜40%港人有脂肪肝 逆轉靠一個關鍵｜#Bowtie,https://www.youtube.com/watch?v=U3GD4HAYLEg,Bowtie Insurance 保泰人壽,135000,920066,6.82,2026-09-22,1145,D 改善・対策型,脂肪肝,脂肪肝軸,-,zh,https://i.ytimg.com/vi/U3GD4HAYLEg/maxresdefault.jpg,https://i.ytimg.com/vi/U3GD4HAYLEg/hq720.jpg,③食品名なし（症状・数値・病名・体型のみ）,①脂肪肝・肝臓が主題
参考枠,Jak postępować ze stłuszczeniową chorobą wątroby (MASLD)?,https://www.youtube.com/watch?v=a6LYHQCR5kw,Grupa LUX MED,7090,46599,6.57,2026-09-18,461,C 数値・検査解説型,MASLD,病名軸,-,en,https://i.ytimg.com/vi/a6LYHQCR5kw/maxresdefault.jpg,https://i.ytimg.com/vi/a6LYHQCR5kw/hq720.jpg,③食品名なし（症状・数値・病名・体型のみ）,①脂肪肝・肝臓が主題
参考枠,What Coffee ACTUALLY Does to Your Liver Enzymes (ALT & AST) 🩸,https://www.youtube.com/watch?v=q1pAAk9cNug,GlycoMechanics,2110,11075,5.25,2026-09-04,489,C 数値・検査解説型,ALT AST,数値・検査軸,-,en,https://i.ytimg.com/vi/q1pAAk9cNug/maxresdefault.jpg,https://i.ytimg.com/vi/q1pAAk9cNug/hq720.jpg,③食品名なし（症状・数値・病名・体型のみ）,①脂肪肝・肝臓が主題
参考枠,NASHA NASH SATTA VINASH | नशा नाश सट्टा विनास | DEHATI FILM | TEAM BENIWAL | DHEERU BENIWAL,https://www.youtube.com/watch?v=jNc3ZzPS_QM,Team Beniwal,311000,1328780,4.27,2025-12-09,8863,C 数値・検査解説型,NASH,病名軸,-,en,https://i.ytimg.com/vi/jNc3ZzPS_QM/maxresdefault.jpg,https://i.ytimg.com/vi/jNc3ZzPS_QM/hq720.jpg,③食品名なし（症状・数値・病名・体型のみ）,①脂肪肝・肝臓が主題
参考枠,"NASH - Young, Dumb & Broken (Official Visualiser)",https://www.youtube.com/watch?v=EiFfcf7nc0E,NASH,56100,136898,2.44,2025-12-12,252,C 数値・検査解説型,NASH,病名軸,-,en,https://i.ytimg.com/vi/EiFfcf7nc0E/maxresdefault.jpg,https://i.ytimg.com/vi/EiFfcf7nc0E/hq720.jpg,③食品名なし（症状・数値・病名・体型のみ）,①脂肪肝・肝臓が主題
参考枠,MASLD Explained: Why This Metabolic Liver Disease Is a Global Crisis | Prof. Arun Sanyal,https://www.youtube.com/watch?v=b8fsgHa1KwA,INEDSYS,54500,114650,2.10,2026-04-30,338,C 数値・検査解説型,MASLD,病名軸,-,en,https://i.ytimg.com/vi/b8fsgHa1KwA/maxresdefault.jpg,https://i.ytimg.com/vi/b8fsgHa1KwA/hq720.jpg,③食品名なし（症状・数値・病名・体型のみ）,①脂肪肝・肝臓が主題
参考枠,Japanese Liver Specialist's New Book: How to Reduce Visceral Fat! Eliminate Fatty Liver Through D...,https://www.youtube.com/watch?v=o2hKQgqR7as,健康嗎 Health Code,430000,886821,2.06,2026-08-25,385,C 数値・検査解説型,脂肪肝,脂肪肝軸,-,en,https://i.ytimg.com/vi/o2hKQgqR7as/maxresdefault.jpg,https://i.ytimg.com/vi/o2hKQgqR7as/hq720.jpg,③食品名なし（症状・数値・病名・体型のみ）,①脂肪肝・肝臓が主題
参考枠,History is About to Be Made... [Last Big Wealth Opportunity For A Decade],https://www.youtube.com/watch?v=ag589INxdDk,Tom Nash,697000,1254408,1.80,2026-04-24,1113,C 数値・検査解説型,NASH,病名軸,-,en,https://i.ytimg.com/vi/ag589INxdDk/maxresdefault.jpg,https://i.ytimg.com/vi/ag589INxdDk/hq720.jpg,③食品名なし（症状・数値・病名・体型のみ）,①脂肪肝・肝臓が主題
参考枠,The Austin Reaves Interview | LeBron James and Steve Nash | MIND THE GAME,https://www.youtube.com/watch?v=ooy5PjM2W3E,Mind the Game,916000,1210935,1.32,2026-03-24,4044,C 数値・検査解説型,NASH,病名軸,-,en,https://i.ytimg.com/vi/ooy5PjM2W3E/maxresdefault.jpg,https://i.ytimg.com/vi/ooy5PjM2W3E/hq720.jpg,③食品名なし（症状・数値・病名・体型のみ）,①脂肪肝・肝臓が主題
PR,08 健康診断で要注意！AST・ALT・γ-GTP、肝機能数値の本当の意味と下げる方法｜さいとう内科クリニック 肝臓再生医療,https://www.youtube.com/watch?v=PJSYdmElmeg,【肝臓病専門医】Dr.さいとうの肝臓再生医療チャンネル,867,29225,33.71,2025-10-27,322,C 数値・検査解説型,ALT AST / γ-GTP / 健康診断 肝臓 / 肝臓 数値 高い,数値・検査軸,-,ja,https://i.ytimg.com/vi/PJSYdmElmeg/maxresdefault.jpg,https://i.ytimg.com/vi/PJSYdmElmeg/hq720.jpg,③食品名なし（症状・数値・病名・体型のみ）,①脂肪肝・肝臓が主題
PR,21 【肝臓病専門医が解説】お酒を飲まないのにγ-GTPだけ高い…その意外な原因と「肝臓のSOS」｜さいとう内科クリニック 肝臓再生医療,https://www.youtube.com/watch?v=5VETt4-4TX8,【肝臓病専門医】Dr.さいとうの肝臓再生医療チャンネル,867,12644,14.58,2026-02-11,297,A 通説否定型,γ-GTP / 健康診断 肝臓 / 肝臓 数値 高い,数値・検査軸,-,ja,https://i.ytimg.com/vi/5VETt4-4TX8/maxresdefault.jpg,https://i.ytimg.com/vi/5VETt4-4TX8/hq720.jpg,②酒・アルコールのみ,①脂肪肝・肝臓が主題
PR,23 肝臓病専門医が解説！本当に「肝臓に良い食べ物」と「悪い食べ物」とは｜さいとう内科クリニック 肝臓再生医療サイト,https://www.youtube.com/watch?v=6Kc5glo_U8s,【肝臓病専門医】Dr.さいとうの肝臓再生医療チャンネル,866,9319,10.76,2026-03-24,311,B 食品名指し型,肝臓 数値 高い / 脂肪肝 食事,脂肪肝軸,-,ja,https://i.ytimg.com/vi/6Kc5glo_U8s/maxresdefault.jpg,https://i.ytimg.com/vi/6Kc5glo_U8s/hq720.jpg,③食品名なし（症状・数値・病名・体型のみ）,①脂肪肝・肝臓が主題
PR,13 筋トレで肝臓の数値が悪化⁉【肝臓病専門医が解説】AST・ALTが上がる理由｜さいとう内科クリニック 肝臓再生医療,https://www.youtube.com/watch?v=Mob1NCvqqp0,【肝臓病専門医】Dr.さいとうの肝臓再生医療チャンネル,867,6911,7.97,2025-12-01,413,C 数値・検査解説型,ALT AST / 健康診断 肝臓 / 肝臓 数値 高い / 隠れ脂肪肝,数値・検査軸,-,ja,https://i.ytimg.com/vi/Mob1NCvqqp0/maxresdefault.jpg,https://i.ytimg.com/vi/Mob1NCvqqp0/hq720.jpg,③食品名なし（症状・数値・病名・体型のみ）,①脂肪肝・肝臓が主題
PR,20 【肝臓病専門医が解説】健康診断のAST・ALTが高い原因は？見逃し厳禁のサインと対策｜さいとう内科クリニック 肝臓再生医療,https://www.youtube.com/watch?v=1za6djfPERM,【肝臓病専門医】Dr.さいとうの肝臓再生医療チャンネル,867,4960,5.72,2026-02-04,299,C 数値・検査解説型,ALT AST / 健康診断 肝臓 / 肝臓 数値 高い / 隠れ脂肪肝,数値・検査軸,-,ja,https://i.ytimg.com/vi/1za6djfPERM/maxresdefault.jpg,https://i.ytimg.com/vi/1za6djfPERM/hq720.jpg,③食品名なし（症状・数値・病名・体型のみ）,①脂肪肝・肝臓が主題
PR,【絶対ダメ】脂肪肝が急速に悪化する「死の食事」ワースト５＆唯一の解毒法,https://www.youtube.com/watch?v=QHrT1JsdNd4,あまが台ファミリークリニック,540000,778675,1.44,2026-02-14,1276,B 食品名指し型,健康診断 肝臓 / 痩せ型 脂肪肝 / 肝臓 数値 高い / 脂肪肝 / 脂肪肝 改善 / 脂肪肝 治し方 / 脂肪肝 食事 / 隠れ脂肪肝,脂肪肝軸,-,ja,https://i.ytimg.com/vi/QHrT1JsdNd4/maxresdefault.jpg,https://i.ytimg.com/vi/QHrT1JsdNd4/hq720.jpg,③食品名なし（症状・数値・病名・体型のみ）,①脂肪肝・肝臓が主題
