区分,タイトル,URL,CH名,登録者数,再生数,倍率,公開日,尺(秒),型,ヒットKW,軸,期間,言語,サムネURL,サムネURL(hq720),菌名区分
主枠,【老化の正体】慢性炎症・腸内細菌・発酵の力｜阿波晩茶とオートファジーの可能性（吉森保×HOLO TALK）,https://www.youtube.com/watch?v=I4Q7N2V3ZqU,HOLO LIFE CHANNEL,403,35852,88.96,2025-11-24,1411,A 通説否定型,腸内細菌 種類,菌種軸,1年以内,ja,https://i.ytimg.com/vi/I4Q7N2V3ZqU/maxresdefault.jpg,https://i.ytimg.com/vi/I4Q7N2V3ZqU/hq720.jpg,②総称のみ（善玉菌・痩せ菌・腸内細菌 等）
主枠,その腸活ヨーグルト。味より“菌”で選ぶと見え方が変わります,https://www.youtube.com/watch?v=Vy08sXAzf5M,かいの健康と買い物ラボ🐱,245,21355,87.16,2026-04-23,614,B 食材提示型,ビフィズス菌 効果,菌種軸,1年以内,ja,https://i.ytimg.com/vi/Vy08sXAzf5M/maxresdefault.jpg,https://i.ytimg.com/vi/Vy08sXAzf5M/hq720.jpg,②総称のみ（善玉菌・痩せ菌・腸内細菌 等）
主枠,【糖尿病】白米・パン・もち麦ごはんで血糖値はどう変わる？実測してみた,https://www.youtube.com/watch?v=lbc6fvfKoj4,血糖値ラボ,744,60668,81.54,2026-05-01,254,B 食材提示型,もち麦,食材軸,1年以内,ja,https://i.ytimg.com/vi/lbc6fvfKoj4/maxresdefault.jpg,https://i.ytimg.com/vi/lbc6fvfKoj4/hq720.jpg,③菌名なし（食材名・悩みワードのみ）
主枠,もち麦とオートミールご飯【キッチンに立たない生活】炊飯器で！健康と美容、ダイエットに💖,https://www.youtube.com/watch?v=29hY61ZANf8,テキトーレシピ I just winged it.,26,1805,69.42,2025-10-12,197,B 食材提示型,もち麦,食材軸,1年以内,ja,https://i.ytimg.com/vi/29hY61ZANf8/maxresdefault.jpg,https://i.ytimg.com/vi/29hY61ZANf8/hq720.jpg,③菌名なし（食材名・悩みワードのみ）
主枠,ヨーグルトの食べ方が間違っていた？腸内環境・免疫力・健康寿命を伸ばす最新習慣 | 腸活習慣,https://www.youtube.com/watch?v=Kf2WupaQMII,毎朝の健康シニア習慣,1640,89360,54.49,2026-07-28,1593,B 食材提示型,善玉菌 増やす,菌種軸,1年以内,ja,https://i.ytimg.com/vi/Kf2WupaQMII/maxresdefault.jpg,https://i.ytimg.com/vi/Kf2WupaQMII/hq720.jpg,③菌名なし（食材名・悩みワードのみ）
主枠,【秘密】冷や飯が最強だった…江戸の庶民が“元気”を保てた食の知恵,https://www.youtube.com/watch?v=2aulRAKrCsA,暮らしの味,336,9534,28.38,2026-01-10,1288,B 食材提示型,冷やご飯 腸,食材軸,1年以内,ja,https://i.ytimg.com/vi/2aulRAKrCsA/maxresdefault.jpg,https://i.ytimg.com/vi/2aulRAKrCsA/hq720.jpg,③菌名なし（食材名・悩みワードのみ）
主枠,毎日もち麦を食べる人、ほぼ全員〇〇になります！【健康雑学】腸活/血糖値/コレステロール/老化,https://www.youtube.com/watch?v=9gSsouUrJ3I,客観的に見る日本,808,19120,23.66,2026-09-16,847,B 食材提示型,もち麦,食材軸,1年以内,ja,https://i.ytimg.com/vi/9gSsouUrJ3I/maxresdefault.jpg,https://i.ytimg.com/vi/9gSsouUrJ3I/hq720.jpg,③菌名なし（食材名・悩みワードのみ）
主枠,【江戸の秘策】なぜ庶民は米だけでムキムキに？現代人が知らない「冷や飯」のパワー【江戸時代の庶民】【江戸ログ】,https://www.youtube.com/watch?v=78FVcTnylZs,江戸ログ,30000,487104,16.24,2026-01-04,979,B 食材提示型,レジスタントスターチ,食材軸,1年以内,ja,https://i.ytimg.com/vi/78FVcTnylZs/maxresdefault.jpg,https://i.ytimg.com/vi/78FVcTnylZs/hq720.jpg,③菌名なし（食材名・悩みワードのみ）
主枠,【腸が健康をつくる】健康な人と病気の人の「腸」はまったく違う?/“便移植”で特定の病気が劇的に改善された実績がある？/健康な人の便を移植すると“生理機能”に影響を与える!?｜田中渓×服部正平【前編】,https://www.youtube.com/watch?v=_xUQSm4g5KM,オナカのチカラ【腸活】チャンネル,20300,207299,10.21,2025-11-13,1216,C 菌の解説型,短鎖脂肪酸,代謝物・検査軸,1年以内,ja,https://i.ytimg.com/vi/_xUQSm4g5KM/maxresdefault.jpg,https://i.ytimg.com/vi/_xUQSm4g5KM/hq720.jpg,③菌名なし（食材名・悩みワードのみ）
主枠,痩せるにはデブ菌を減らし、痩せ菌を増やせ！運動・食事制限で痩せないならこれしかない,https://www.youtube.com/watch?v=mnq59vmc194,陰山Dr お腹の先生,123000,1067429,8.68,2025-11-12,1871,C 菌の解説型,痩せ菌,代謝物・検査軸,1年以内,ja,https://i.ytimg.com/vi/mnq59vmc194/maxresdefault.jpg,https://i.ytimg.com/vi/mnq59vmc194/hq720.jpg,②総称のみ（善玉菌・痩せ菌・腸内細菌 等）
主枠,【血糖値検証】もち麦 vs 押し麦！糖尿病患者が食べて上がりにくいのはどっち？,https://www.youtube.com/watch?v=X8ifeRwMsx8,糖尿病おじさんの食卓,6750,47379,7.02,2026-09-23,614,B 食材提示型,もち麦,食材軸,1年以内,ja,https://i.ytimg.com/vi/X8ifeRwMsx8/maxresdefault.jpg,https://i.ytimg.com/vi/X8ifeRwMsx8/hq720.jpg,③菌名なし（食材名・悩みワードのみ）
主枠,52歳・68kg→58kgに変わったKさんの秘密→ヨーグルトに「小さじ1杯」足すだけ。痩せホルモンが2倍になる黄金レシピTOP5【スーパー食材のみ】,https://www.youtube.com/watch?v=QPofD-xkdHI,たくみ先生 | 40代からの食べやせ教室,195000,1019599,5.23,2026-03-09,1213,B 食材提示型,痩せ菌,代謝物・検査軸,1年以内,ja,https://i.ytimg.com/vi/QPofD-xkdHI/maxresdefault.jpg,https://i.ytimg.com/vi/QPofD-xkdHI/hq720.jpg,③菌名なし（食材名・悩みワードのみ）
主枠,玄米 vs 押し麦 vs もち麦。結局、血糖値に一番良いのはどれ？【リブレ検証】,https://www.youtube.com/watch?v=f3iMWyQhMtI,糖尿病おじさんの食卓,6750,25675,3.80,2025-10-08,939,B 食材提示型,もち麦,食材軸,1年以内,ja,https://i.ytimg.com/vi/f3iMWyQhMtI/maxresdefault.jpg,https://i.ytimg.com/vi/f3iMWyQhMtI/hq720.jpg,③菌名なし（食材名・悩みワードのみ）
主枠,【腸を変えるのは食物繊維?!】花粉症・アレルギー・慢性炎症は制御性T細胞に影響する?/ イメージに流されないための本当の腸活｜田中渓×服部正平【後編】,https://www.youtube.com/watch?v=Lo8k3Pgt2a4,オナカのチカラ【腸活】チャンネル,20300,71211,3.51,2025-11-21,1417,B 食材提示型,イヌリン 食物繊維,食材軸,1年以内,ja,https://i.ytimg.com/vi/Lo8k3Pgt2a4/maxresdefault.jpg,https://i.ytimg.com/vi/Lo8k3Pgt2a4/hq720.jpg,③菌名なし（食材名・悩みワードのみ）
主枠,発酵と腐敗の違い分かりますか？【ゆっくり解説】,https://www.youtube.com/watch?v=--Y08b2iepg,ゆっくり雑学ちゃんねるEX,15200,49713,3.27,2026-08-07,1051,C 菌の解説型,乳酸菌 違い,菌種軸,1年以内,ja,https://i.ytimg.com/vi/--Y08b2iepg/maxresdefault.jpg,https://i.ytimg.com/vi/--Y08b2iepg/hq720.jpg,③菌名なし（食材名・悩みワードのみ）
主枠,SIBO治った人続出！36時間発酵スーパーヨーグルトの作り方。効能、食べ方、寄せられた質問17個にもお答えします！,https://www.youtube.com/watch?v=f0yWKbwSZ0o,"小伝馬子のgut, me & biohack",107000,333473,3.12,2025-10-17,1349,B 食材提示型,腸内細菌 種類,菌種軸,1年以内,ja,https://i.ytimg.com/vi/f0yWKbwSZ0o/maxresdefault.jpg,https://i.ytimg.com/vi/f0yWKbwSZ0o/hq720.jpg,③菌名なし（食材名・悩みワードのみ）
主枠,"【腸活の盲点】99%の人が知らない！便秘・腸の不調を解決して若返る ""たった1滴"" の習慣 ＃マグネシウム",https://www.youtube.com/watch?v=hBe0moH5XrU,はやかわ あきよ【 腸活と発酵食の先生 】,31700,96296,3.04,2026-02-06,1137,B 食材提示型,ビフィズス菌 効果,菌種軸,1年以内,ja,https://i.ytimg.com/vi/hBe0moH5XrU/maxresdefault.jpg,https://i.ytimg.com/vi/hBe0moH5XrU/hq720.jpg,③菌名なし（食材名・悩みワードのみ）
主枠,【乳酸菌】がんや老化にも効果あり!? “万病に効く乳酸菌”が見つかった！（腸活・腸内環境・オイナイン・プロバイオティクス・ロイテリ菌・ナグモクリニック・予防医療）,https://www.youtube.com/watch?v=XdfoN8UP0m0,【南雲吉則】Dr.ナグモの命の食事,193000,478120,2.48,2026-08-19,1385,C 菌の解説型,乳酸菌 違い / 善玉菌 増やす / 腸内細菌 種類 / 酪酸菌 / 酪酸菌 増やす食べ物,菌種軸,1年以内,ja,https://i.ytimg.com/vi/XdfoN8UP0m0/maxresdefault.jpg,https://i.ytimg.com/vi/XdfoN8UP0m0/hq720.jpg,①学名・菌種名あり
主枠,【腸内環境改善】痩せたければこのSラインのものを摂ってください【糖尿病専門クリニック現役医師】,https://www.youtube.com/watch?v=b5PqchU6K0A,糖尿病の専門家,228000,361879,1.59,2026-07-04,1095,A 通説否定型,腸内細菌 種類,菌種軸,1年以内,ja,https://i.ytimg.com/vi/b5PqchU6K0A/maxresdefault.jpg,https://i.ytimg.com/vi/b5PqchU6K0A/hq720.jpg,③菌名なし（食材名・悩みワードのみ）
主枠,【現役皮膚科医が解説1ヶ月、試してわかった腸活・美肌のサプリの選び方】,https://www.youtube.com/watch?v=x-FF5h--RWU,はなふさ皮膚科17院 花房火月のチャンネル,434000,669899,1.54,2026-05-20,1162,D 検査・可視化型,ビフィズス菌 サプリ,菌種軸,1年以内,ja,https://i.ytimg.com/vi/x-FF5h--RWU/maxresdefault.jpg,https://i.ytimg.com/vi/x-FF5h--RWU/hq720.jpg,③菌名なし（食材名・悩みワードのみ）
主枠,【2000人が便秘薬卒業】3日で宿便3kgドバドバ出す！最強の腸内洗浄食材TOP5,https://www.youtube.com/watch?v=7xdqK3ejl3c,たくみ先生 | 40代からの食べやせ教室,195000,251390,1.29,2026-02-15,966,B 食材提示型,善玉菌 増やす,菌種軸,1年以内,ja,https://i.ytimg.com/vi/7xdqK3ejl3c/maxresdefault.jpg,https://i.ytimg.com/vi/7xdqK3ejl3c/hq720.jpg,③菌名なし（食材名・悩みワードのみ）
主枠,食物繊維をやめると便秘が「治る」理由。オススメの食事法「アニマルベースドダイエット」のやり方もご紹介！,https://www.youtube.com/watch?v=FlgCUgaqNwk,"小伝馬子のgut, me & biohack",107000,119334,1.12,2025-12-19,1265,B 食材提示型,イヌリン 食物繊維,食材軸,1年以内,ja,https://i.ytimg.com/vi/FlgCUgaqNwk/maxresdefault.jpg,https://i.ytimg.com/vi/FlgCUgaqNwk/hq720.jpg,③菌名なし（食材名・悩みワードのみ）
主枠,【保存版】※タイプ別。痩せたいなら「この食物繊維」選んで。【イヌリン｜難消化性デキストリン｜オオバコ（サイリウム）】,https://www.youtube.com/watch?v=eV3bv5vLbFA,ドムス【見るだけで痩せるチャンネル】,198000,203022,1.03,2026-05-31,1353,B 食材提示型,イヌリン 食物繊維,食材軸,1年以内,ja,https://i.ytimg.com/vi/eV3bv5vLbFA/maxresdefault.jpg,https://i.ytimg.com/vi/eV3bv5vLbFA/hq720.jpg,③菌名なし（食材名・悩みワードのみ）
参考枠,Daily Nukazuke and Your Brain: A Simple Guide to Short-Chain Fatty Acids,https://www.youtube.com/watch?v=H89SJ2kFClo,認知症ZERO,11700,27865,2.38,2026-09-25,1035,C 菌の解説型,短鎖脂肪酸,代謝物・検査軸,-,en,https://i.ytimg.com/vi/H89SJ2kFClo/maxresdefault.jpg,https://i.ytimg.com/vi/H89SJ2kFClo/hq720.jpg,③菌名なし（食材名・悩みワードのみ）
PR,第1回【岡本信彦×仲村宗悟】腸活の新常識が明らかに！？声優力を生かして腸活について紹介！腸内細菌研究の第一人者 内藤裕二先生の解説も！,https://www.youtube.com/watch?v=y1QWYfwSynM,健康サイト(アリナミン製薬)【公式】,1420,89181,62.80,2026-03-23,924,C 菌の解説型,酪酸菌,菌種軸,-,ja,https://i.ytimg.com/vi/y1QWYfwSynM/maxresdefault.jpg,https://i.ytimg.com/vi/y1QWYfwSynM/hq720.jpg,②総称のみ（善玉菌・痩せ菌・腸内細菌 等）
PR,第2回【岡本信彦×仲村宗悟】“あのキャラ”になりきり新しい腸活のカギ「酪酸菌」を紹介！？人気声優と内藤裕二先生の掛け合い・解説にも注目！,https://www.youtube.com/watch?v=obj6WQhZHkM,健康サイト(アリナミン製薬)【公式】,1420,83922,59.10,2026-03-23,884,C 菌の解説型,酪酸菌,菌種軸,-,ja,https://i.ytimg.com/vi/obj6WQhZHkM/maxresdefault.jpg,https://i.ytimg.com/vi/obj6WQhZHkM/hq720.jpg,①学名・菌種名あり
PR,"Are you taking care of your gut? Turtle-chan, the gut bacteria hunter | Poop changes the future! ...",https://www.youtube.com/watch?v=7n-SUB7FdYA,AJINOMOTO PARK RECIPE,26600,113544,4.27,2026-02-24,239,A 通説否定型,腸内細菌 種類,菌種軸,-,en,https://i.ytimg.com/vi/7n-SUB7FdYA/maxresdefault.jpg,https://i.ytimg.com/vi/7n-SUB7FdYA/hq720.jpg,①学名・菌種名あり
自CH,「買わなきゃ損」腸活を極めたプロのおすすめ無印良品食品6選が美味しすぎた,https://www.youtube.com/watch?v=4Zsk228DWM4,【下川先生】の菌ケア大学,72400,740428,10.23,2025-11-01,796,B 食材提示型,腸内フローラ検査 / 腸内細菌 種類,菌種軸,-,ja,https://i.ytimg.com/vi/4Zsk228DWM4/maxresdefault.jpg,https://i.ytimg.com/vi/4Zsk228DWM4/hq720.jpg,③菌名なし（食材名・悩みワードのみ）
自CH,「毎日食べてます」腸活を極めたプロが厳選した1日のフル食を大公開！,https://www.youtube.com/watch?v=fpAnuNrRW6E,【下川先生】の菌ケア大学,72400,377342,5.21,2025-10-21,986,B 食材提示型,ビフィズス菌 サプリ / ビフィズス菌 効果 / 善玉菌 増やす / 腸内フローラ検査 / 腸内細菌 種類 / 酪酸菌 増やす食べ物,菌種軸,-,ja,https://i.ytimg.com/vi/fpAnuNrRW6E/maxresdefault.jpg,https://i.ytimg.com/vi/fpAnuNrRW6E/hq720.jpg,③菌名なし（食材名・悩みワードのみ）
自CH,【超有料級】7年ぶりに腸活のプロをコストコに連れて行ったら、選び方が凄すぎた！【Costco】,https://www.youtube.com/watch?v=OAlxKREPnHI,【下川先生】の菌ケア大学,72400,289507,4.00,2026-02-07,1403,B 食材提示型,腸内フローラ検査,代謝物・検査軸,-,ja,https://i.ytimg.com/vi/OAlxKREPnHI/maxresdefault.jpg,https://i.ytimg.com/vi/OAlxKREPnHI/hq720.jpg,③菌名なし（食材名・悩みワードのみ）
自CH,【保存版】スーパーで買える最強の腸活ヨーグルト7選をプロが徹底比較！,https://www.youtube.com/watch?v=KItK4-zpOo4,【下川先生】の菌ケア大学,72400,233015,3.22,2026-04-25,1046,B 食材提示型,ビフィズス菌 効果 / 乳酸菌 違い / 腸内フローラ検査 / 酪酸菌 増やす食べ物,菌種軸,-,ja,https://i.ytimg.com/vi/KItK4-zpOo4/maxresdefault.jpg,https://i.ytimg.com/vi/KItK4-zpOo4/hq720.jpg,③菌名なし（食材名・悩みワードのみ）
自CH,【忖度無し】四毒抜きについて腸活のプロに聞いてみたら、意外な反応でした…,https://www.youtube.com/watch?v=q_HmklMR8Z8,【下川先生】の菌ケア大学,72400,208987,2.89,2025-12-20,1192,A 通説否定型,腸内フローラ検査,代謝物・検査軸,-,ja,https://i.ytimg.com/vi/q_HmklMR8Z8/maxresdefault.jpg,https://i.ytimg.com/vi/q_HmklMR8Z8/hq720.jpg,③菌名なし（食材名・悩みワードのみ）
自CH,【トレーニー必見】筋トレで老けます！腸活のプロが語るプロテインの飲み過ぎで寿命が縮む理由,https://www.youtube.com/watch?v=q7lQ_TgP8bk,【下川先生】の菌ケア大学,72400,156851,2.17,2026-04-04,1117,C 菌の解説型,腸内フローラ検査 / 腸内細菌 種類,菌種軸,-,ja,https://i.ytimg.com/vi/q7lQ_TgP8bk/maxresdefault.jpg,https://i.ytimg.com/vi/q7lQ_TgP8bk/hq720.jpg,③菌名なし（食材名・悩みワードのみ）
自CH,【キムチ腸活】プロがスーパーで買える10商品を格付けしたら衝撃な結果に..,https://www.youtube.com/watch?v=6MI7GRKuo6k,【下川先生】の菌ケア大学,72400,155866,2.15,2026-09-01,1079,B 食材提示型,腸内フローラ検査,代謝物・検査軸,-,ja,https://i.ytimg.com/vi/6MI7GRKuo6k/maxresdefault.jpg,https://i.ytimg.com/vi/6MI7GRKuo6k/hq720.jpg,③菌名なし（食材名・悩みワードのみ）
