区分,タイトル,URL,CH名,登録者数,再生数,倍率,公開日,尺(秒),型,ヒットKW,軸,期間,言語,サムネURL
主枠,【腸活最強】漬けるだけで痩せ常備菜！きのこ４種のポン酢漬けがご飯にもパスタにも万能すぎる,https://www.youtube.com/watch?v=rfXUvxTSkzY,頑張らないひとりごはん,5060,438844,86.73,2026-04-25,341,レシピ・料理型,腸活 レシピ,血糖値・腸活軸,1年以内,ja,https://i.ytimg.com/vi/rfXUvxTSkzY/maxresdefault.jpg
主枠,【9割が知らない健康雑学】朝にシナモンをとる人 ほぼ全員⚫︎⚫︎になります！聞き流し雑学,https://www.youtube.com/watch?v=QifO7VujUEU,今よりちょっと健康雑学,5700,397635,69.76,2026-02-17,273,専門家の解説型,クミン 効果 / スパイス 効果 健康,スパイス軸,1年以内,ja,https://i.ytimg.com/vi/QifO7VujUEU/maxresdefault.jpg
主枠,【あなたは知ってる？】ブルーベリーの68倍！老化遅い人が密かに摂る“最強の粉”5選,https://www.youtube.com/watch?v=kNvDnGZQxbY,老化知らず研究所,2940,176832,60.15,2026-02-26,655,専門家の解説型,クミン 効果,スパイス軸,1年以内,ja,https://i.ytimg.com/vi/kNvDnGZQxbY/maxresdefault.jpg
主枠,【保存版】実は納豆に混ぜるだけで「腐った便」が全部出て、血糖値が驚くほど改善します【知って得する健康雑学】【便秘/腸内環境/腸活/糖尿病】【聞き流し】,https://www.youtube.com/watch?v=_ADGGa3imSg,【知って得する】健康雑学,28900,1540148,53.29,2026-02-21,1009,専門家の解説型,腸活 レシピ,血糖値・腸活軸,1年以内,ja,https://i.ytimg.com/vi/_ADGGa3imSg/maxresdefault.jpg
主枠,「緑茶の20倍の老化防止効果！」研究データも証明する『70代からでも脳と筋肉が覚醒する神食材ベスト7（スーパーで買える）※脳筋覚醒【食で長生き】,https://www.youtube.com/watch?v=dIL1zRxK46c,老後の健康案内所,2050,93990,45.85,2026-08-19,1619,専門家の解説型,スパイス 効果 健康,スパイス軸,1年以内,ja,https://i.ytimg.com/vi/dIL1zRxK46c/maxresdefault.jpg
主枠,【東京 五反田】1日で200杯のカレーが消える！中毒者が続出で行列が絶えないこだわりカレー屋の仕込みに密着！,https://www.youtube.com/watch?v=arqWdexcFik,フーズラボ,1590,54768,34.45,2026-08-26,1261,レシピ・料理型,カレー粉,カレー軸,1年以内,ja,https://i.ytimg.com/vi/arqWdexcFik/maxresdefault.jpg
主枠,【医学解説】「緑茶の200倍の抗酸化力!? 中高年を若返らせる神食材と本当の若返り戦略」,https://www.youtube.com/watch?v=x9xVI5ugLBQ,ペンタのおとな健康大学 [中高年の悩み解決],16500,536717,32.53,2026-03-02,495,専門家の解説型,クミン 効果 / スパイス 効果 健康,スパイス軸,1年以内,ja,https://i.ytimg.com/vi/x9xVI5ugLBQ/maxresdefault.jpg
主枠,【血糖値200→98】 コーヒーと●●の組み合わせが糖尿病にすごい効果！血糖値・HbA1cを劇的に下げる最強の食べ物TOP5と危険な飲み方!（糖尿病・高齢者）,https://www.youtube.com/watch?v=v3NIs8SVHCM,予防先生・YouTube体質改善クリニック,35000,733820,20.97,2026-04-18,1514,専門家の解説型,血糖値 上げない 食べ方,血糖値・腸活軸,1年以内,ja,https://i.ytimg.com/vi/v3NIs8SVHCM/maxresdefault.jpg
主枠,【衝撃】1万歩ウォーキングよりコレ1本でHbA1c・血糖値は下がる!?【糖尿病専門クリニック現役医師】,https://www.youtube.com/watch?v=ZBEJhHU6oKg,糖尿病の専門家,218000,3941856,18.08,2025-09-13,1527,専門家の解説型,血糖値 上げない 食べ方,血糖値・腸活軸,1年以内,ja,https://i.ytimg.com/vi/ZBEJhHU6oKg/maxresdefault.jpg
主枠,【9割が知らない】実は納豆に混ぜるだけ!?「腐った便」が消えて血糖値が劇的に改善します!【血糖値改善/腸内環境/糖尿病予防/デトックス/便秘解消】,https://www.youtube.com/watch?v=JoIcTWJ7UQY,ズバッと知りたい雑学,14600,253848,17.39,2026-02-01,659,専門家の解説型,血糖値 上げない 食べ方,血糖値・腸活軸,1年以内,ja,https://i.ytimg.com/vi/JoIcTWJ7UQY/maxresdefault.jpg
主枠,【知らないと損】毎朝食べるだけ！血糖値とHbA1cをグングン下げる食材TOP5！超意外な糖尿病を予防する最強の朝食とは？｜空腹腹時血糖対策｜体脂肪,https://www.youtube.com/watch?v=aFd12CNtj78,予防先生・YouTube体質改善クリニック,35000,554350,15.84,2026-03-28,1380,専門家の解説型,血糖値 上げない 食べ方,血糖値・腸活軸,1年以内,ja,https://i.ytimg.com/vi/aFd12CNtj78/maxresdefault.jpg
主枠,炒めないのに甘い！ノンオイル無水カレー｜SB赤缶で作るヘルシー＆簡単スパイスカレー,https://www.youtube.com/watch?v=KOCWhYzoJBs,さこゆうのスパイスキッチン,1620,25369,15.66,2025-10-22,350,レシピ・料理型,スパイスカレー 健康,カレー軸,1年以内,ja,https://i.ytimg.com/vi/KOCWhYzoJBs/maxresdefault.jpg
主枠,【脂肪肝を改善して瘦せる】脂肪肝を改善して驚異的に痩せる裏技TOP５（脂肪肝 脂質異常症 血圧 血糖値）,https://www.youtube.com/watch?v=A1ZYg_TXY24,人生最後のダイエットチャンネル,89800,1337810,14.90,2025-10-09,1028,専門家の解説型,白米 血糖値 対策,血糖値・腸活軸,1年以内,ja,https://i.ytimg.com/vi/A1ZYg_TXY24/maxresdefault.jpg
主枠,【さつまいもでコレ絶対やって！】切って焼くだけ揚げずに簡単な腸活おさつポテト！さくさくやみつき食感でサツマイモ大量消費,https://www.youtube.com/watch?v=q0V2YkabCfw,リツの健康飯,110000,1339901,12.18,2025-10-25,248,レシピ・料理型,腸活 レシピ,血糖値・腸活軸,1年以内,ja,https://i.ytimg.com/vi/q0V2YkabCfw/maxresdefault.jpg
主枠,【必見】糖尿病リスクを爆上げする危険な食べ物5選〜薬に頼らず血糖値を下げる最強の習慣〜,https://www.youtube.com/watch?v=MzuB4eYE_Vg,理学療法士監修 一生役立つカラダの教科書,560,5855,10.46,2025-12-21,1085,専門家の解説型,白米 血糖値 対策,血糖値・腸活軸,1年以内,ja,https://i.ytimg.com/vi/MzuB4eYE_Vg/maxresdefault.jpg
主枠,【空腹時血糖値180→98】ヨーグルト+⚪︎⚪︎⚪︎⚪︎⚪︎⚪︎が糖尿病をよくする理由【糖尿病専門クリニック現役医師】,https://www.youtube.com/watch?v=8VD8jwklTmA,糖尿病の専門家,218000,2067833,9.49,2025-09-06,1169,専門家の解説型,血糖値 上げない 食べ方,血糖値・腸活軸,1年以内,ja,https://i.ytimg.com/vi/8VD8jwklTmA/maxresdefault.jpg
主枠,【知らないと損】シナモンは「この食べ方」で効果10倍！血糖値・血管・腸を守る最強の組み合わせ3選 | 生活の知恵,https://www.youtube.com/watch?v=_d9JMKzj6Mo,野菜と健康の知恵,1670,15733,9.42,2026-08-02,1824,専門家の解説型,スパイス 腸内環境,スパイス軸,1年以内,ja,https://i.ytimg.com/vi/_d9JMKzj6Mo/maxresdefault.jpg
主枠,【朝1個食べるだけ】寝起きにコレを食べたらスルスル体重・体脂肪・血糖値が落ちました【糖尿病専門クリニック現役医師】,https://www.youtube.com/watch?v=0MeYZ3q4n5o,糖尿病の専門家,218000,2042658,9.37,2026-01-10,950,専門家の解説型,白米 血糖値 対策 / 血糖値 上げない 食べ方,血糖値・腸活軸,1年以内,ja,https://i.ytimg.com/vi/0MeYZ3q4n5o/maxresdefault.jpg
主枠,ブルーベリーを続けても無駄？白髪と視力が変わった最強の粉3選｜数値で判明した若返りの正体【60歳からの健康習慣】,https://www.youtube.com/watch?v=YDmKwOWQxIQ,健康寿命を伸ばす ご長寿チャンネル,3620,32891,9.09,2026-03-02,1183,専門家の解説型,スパイス 効果 健康,スパイス軸,1年以内,ja,https://i.ytimg.com/vi/YDmKwOWQxIQ/maxresdefault.jpg
主枠,「買わなきゃ損」腸活を極めたプロのおすすめ無印良品食品6選が美味しすぎた,https://www.youtube.com/watch?v=4Zsk228DWM4,【下川先生】の菌ケア大学,68500,608437,8.88,2025-11-01,796,専門家の解説型,スパイス 腸内環境 / 腸活 レシピ,スパイス軸,1年以内,ja,https://i.ytimg.com/vi/4Zsk228DWM4/maxresdefault.jpg
主枠,【50代以降】ブルーベリー毎日食べたら大変なことになりました【糖尿病専門クリニック現役医師】,https://www.youtube.com/watch?v=yw6risIbKh4,糖尿病の専門家,218000,1474236,6.76,2025-10-04,1162,専門家の解説型,血糖値 上げない 食べ方,血糖値・腸活軸,1年以内,ja,https://i.ytimg.com/vi/yw6risIbKh4/maxresdefault.jpg
主枠,【保存版】ブルーベリーは古い？40代から白髪と視力が劇的に若返る「3つの最強パウダー」とは【誰かに話したくなる健康雑学】,https://www.youtube.com/watch?v=aE14gR07Rbs,そろそろ気になる雑学【健康雑学】,49100,317215,6.46,2026-02-10,622,専門家の解説型,スパイス 効果 健康,スパイス軸,1年以内,ja,https://i.ytimg.com/vi/aE14gR07Rbs/maxresdefault.jpg
主枠,【血糖値の新常識】糖質を恐れなくていい！血糖値を安定させる3つの要因と耐糖能を高める食事法を解説,https://www.youtube.com/watch?v=AqBaJi01AkU,れんのYouTube栄養大学,17900,105999,5.92,2026-05-20,2142,専門家の解説型,白米 血糖値 対策 / 血糖値 上げない 食べ方,血糖値・腸活軸,1年以内,ja,https://i.ytimg.com/vi/AqBaJi01AkU/maxresdefault.jpg
主枠,【若返り】ブルーベリーの48倍白髪と視力が劇的に若返る！40歳以降の老化が止まる最強パウダー3選!【老化防止・視力回復・認知機能・頭皮改善】,https://www.youtube.com/watch?v=ngmyTELKg-o,ひろよ・美齢活の専門家,9300,54287,5.84,2026-04-11,906,専門家の解説型,スパイス 腸内環境,スパイス軸,1年以内,ja,https://i.ytimg.com/vi/ngmyTELKg-o/maxresdefault.jpg
主枠,【衝撃】きな粉の◯◯の組み合わせが若返りにすごい効果！白髪が減り、血管・歯茎も若返る本当の使い方!【アンチエイジング】,https://www.youtube.com/watch?v=PCAxTmHE7-U,ありんこ先生・美活の専門家,57200,332298,5.81,2026-05-30,1586,専門家の解説型,ターメリック 効果,スパイス軸,1年以内,ja,https://i.ytimg.com/vi/PCAxTmHE7-U/maxresdefault.jpg
主枠,【血糖値・HbA1cが下がる!?】現役医師推薦の食べた方がいいフルーツTOP5【糖尿病専門クリニック内科医】,https://www.youtube.com/watch?v=3Ev0AWSK7kE,糖尿病の専門家,218000,1206762,5.54,2025-09-20,1125,専門家の解説型,血糖値 上げない 食べ方,血糖値・腸活軸,1年以内,ja,https://i.ytimg.com/vi/3Ev0AWSK7kE/maxresdefault.jpg
主枠,コーヒーにこの粉を加えるだけで驚くべき効果が！40歳の頃のように歩ける！足腰が劇的に若返る飲み方【食で長生き】,https://www.youtube.com/watch?v=2WYo3YydRqo,食で長生き【60歳からの正しい食生活】,54000,284582,5.27,2026-01-22,1354,専門家の解説型,ターメリック 効果,スパイス軸,1年以内,ja,https://i.ytimg.com/vi/2WYo3YydRqo/maxresdefault.jpg
主枠,「毎日食べてます」腸活を極めたプロが厳選した1日のフル食を大公開！,https://www.youtube.com/watch?v=fpAnuNrRW6E,【下川先生】の菌ケア大学,68500,350009,5.11,2025-10-21,986,専門家の解説型,腸活 レシピ,血糖値・腸活軸,1年以内,ja,https://i.ytimg.com/vi/fpAnuNrRW6E/maxresdefault.jpg
主枠,【医師が驚愕】「毎日たった2粒で体が若返る!?知らないと損するクローブの真実」,https://www.youtube.com/watch?v=d8vPEYssX7k,ペンタのおとな健康大学 [中高年の悩み解決],16500,78424,4.75,2026-04-07,495,専門家の解説型,スパイス 効果 健康,スパイス軸,1年以内,ja,https://i.ytimg.com/vi/d8vPEYssX7k/maxresdefault.jpg
主枠,シニア世代の方へ：ターメリックと一緒に食べてはいけない3つの食品とは？｜健康寿命,https://www.youtube.com/watch?v=4Lc4-8e7syE,老後のやすらぎ,943,4403,4.67,2025-10-16,1151,専門家の解説型,ターメリック 効果,スパイス軸,1年以内,ja,https://i.ytimg.com/vi/4Lc4-8e7syE/maxresdefault.jpg
主枠,52歳・68kg→58kgに変わったKさんの秘密→ヨーグルトに「小さじ1杯」足すだけ。痩せホルモンが2倍になる黄金レシピTOP5【スーパー食材のみ】,https://www.youtube.com/watch?v=QPofD-xkdHI,たくみ先生 | 40代からの食べやせ教室,192000,848692,4.42,2026-03-09,1213,専門家の解説型,クミン 効果 / 腸活 レシピ,スパイス軸,1年以内,ja,https://i.ytimg.com/vi/QPofD-xkdHI/maxresdefault.jpg
主枠,驚愕！たった2粒のクローブで7日後に体が別人に！？高齢者必見！,https://www.youtube.com/watch?v=Ff54KBHXb60,シニアの知恵袋,18900,72232,3.82,2025-09-12,1724,専門家の解説型,スパイス 効果 健康 / ターメリック 効果,スパイス軸,1年以内,ja,https://i.ytimg.com/vi/Ff54KBHXb60/maxresdefault.jpg
主枠,手軽なスパイスの驚くべき健康効果,https://www.youtube.com/watch?v=YZLNmlJhL_E,平岳大のハリウッド・ノート,15600,58467,3.75,2026-08-14,832,専門家の解説型,スパイス 効果 健康,スパイス軸,1年以内,ja,https://i.ytimg.com/vi/YZLNmlJhL_E/maxresdefault.jpg
主枠,みんな大好き⁉カレーライスで血糖測定検証をしてみました😊,https://www.youtube.com/watch?v=YfZf1E53v4s,糖尿どんぶりかあさん,291,1031,3.54,2026-04-27,472,レシピ・料理型,カレー 血糖値,カレー軸,1年以内,ja,https://i.ytimg.com/vi/YfZf1E53v4s/maxresdefault.jpg
主枠,【腸活ダイエット】食物繊維たっぷり！簡単５分でデトックスえのきわかめ,https://www.youtube.com/watch?v=tKCBooTbZWQ,調理師ゆめ子のこだわりレシピ,130000,453612,3.49,2025-10-19,221,レシピ・料理型,腸活 レシピ,血糖値・腸活軸,1年以内,ja,https://i.ytimg.com/vi/tKCBooTbZWQ/maxresdefault.jpg
主枠,【知らなきゃ損】睡眠改善して血糖値・HbA1c・体重が下がる!?夜にヨーグルトを食べるとこうなります【糖尿病専門クリニック現役医師】,https://www.youtube.com/watch?v=gWcpsGrltNo,糖尿病の専門家,218000,751287,3.45,2026-07-18,1021,専門家の解説型,血糖値 上げない 食べ方,血糖値・腸活軸,1年以内,ja,https://i.ytimg.com/vi/gWcpsGrltNo/maxresdefault.jpg
主枠,【正直うまい】すき家のチキンカレーって実際どう？食べてみた結果…,https://www.youtube.com/watch?v=hjQVccC7ZeA,ながちゃんグルメ,716,2415,3.37,2026-04-04,384,レシピ・料理型,カレールー 比較,カレー軸,1年以内,ja,https://i.ytimg.com/vi/hjQVccC7ZeA/maxresdefault.jpg
主枠,玄米 vs 押し麦 vs もち麦。結局、血糖値に一番良いのはどれ？【リブレ検証】,https://www.youtube.com/watch?v=f3iMWyQhMtI,糖尿病おじさんの食卓,6550,21117,3.22,2025-10-08,939,レシピ・料理型,白米 血糖値 対策,血糖値・腸活軸,1年以内,ja,https://i.ytimg.com/vi/f3iMWyQhMtI/maxresdefault.jpg
主枠,【それ丁寧な暮らし?】血糖値・HbA1cを爆上げします！【糖尿病専門クリニック現役医師】,https://www.youtube.com/watch?v=nHMuut_1Ons,糖尿病の専門家,218000,695637,3.19,2025-10-25,1352,専門家の解説型,カレー 健康 / カレー 血糖値 / 白米 血糖値 対策 / 血糖値 上げない 食べ方,カレー軸,1年以内,ja,https://i.ytimg.com/vi/nHMuut_1Ons/maxresdefault.jpg
主枠,朝コーヒーに混ぜるだけ！血糖値やHbA1cがどんどん下がるだけでなく、内臓脂肪減少にも効果テキメンな最強の食べ物５選【糖尿病・肥満予防】,https://www.youtube.com/watch?v=VeSLpSKmHLs,管理栄養士が教える健康的な習慣チャンネル,78400,247851,3.16,2026-01-14,1317,専門家の解説型,カレー 血糖値 / 血糖値 上げない 食べ方,カレー軸,1年以内,ja,https://i.ytimg.com/vi/VeSLpSKmHLs/maxresdefault.jpg
主枠,【レビュー】激辛レトルトカレー8品を食べ比べ！辛すぎて食べれない！？【ずんだもん解説】,https://www.youtube.com/watch?v=cqcUQw_sawo,かけそば【ずんだもん-食の情報】,88400,239769,2.71,2026-04-20,1956,専門家の解説型,カレールー 比較,カレー軸,1年以内,ja,https://i.ytimg.com/vi/cqcUQw_sawo/maxresdefault.jpg
主枠,【レンチン3分】腸活力9倍！砂糖・小麦不使用、切って混ぜるだけのさつまいもりんご蒸しパン,https://www.youtube.com/watch?v=n852YSudHmc,糖質オフ専門・いずみの太らない食生活,322000,849507,2.64,2025-10-08,809,レシピ・料理型,腸活 レシピ,血糖値・腸活軸,1年以内,ja,https://i.ytimg.com/vi/n852YSudHmc/maxresdefault.jpg
主枠,【HbA1c爆上げ↑↑】糖尿病不可避！血糖値を底上げしてしまう最悪の朝食【糖尿病専門クリニック現役医師】,https://www.youtube.com/watch?v=4FkmCs4iVgM,糖尿病の専門家,218000,565168,2.59,2025-10-18,1021,専門家の解説型,血糖値 上げない 食べ方,血糖値・腸活軸,1年以内,ja,https://i.ytimg.com/vi/4FkmCs4iVgM/maxresdefault.jpg
主枠,美容院は教えない。トマトジュースに「これ」混ぜるだけで効果が10倍に。白髪と薄毛が99％黒髪に生まれ変わる最強の飲み方。（腸活・血圧改善にも効果大）,https://www.youtube.com/watch?v=MEqQovombDg,プロの裏技TV,29400,75891,2.58,2025-09-28,1203,レシピ・料理型,ターメリック 効果,スパイス軸,1年以内,ja,https://i.ytimg.com/vi/MEqQovombDg/maxresdefault.jpg
主枠,【なぜ？体重/HbA1cがストンと落ちる】ダイエット・血糖コントロールにいい食品/食べ物【糖尿病専門クリニック現役医師】,https://www.youtube.com/watch?v=QN6uD6f4ijE,糖尿病の専門家,218000,556802,2.55,2025-11-08,1017,専門家の解説型,血糖値 上げない 食べ方,血糖値・腸活軸,1年以内,ja,https://i.ytimg.com/vi/QN6uD6f4ijE/maxresdefault.jpg
主枠,老後健康：60代から脳と筋肉が目覚める 最強スパイス＆食材7選｜医師が警告,https://www.youtube.com/watch?v=wTUS46iPQEc,老後健康,26700,67347,2.52,2026-02-07,1663,専門家の解説型,スパイス 効果 健康 / スパイスカレー 健康,カレー軸,1年以内,ja,https://i.ytimg.com/vi/wTUS46iPQEc/maxresdefault.jpg
主枠,冷え・老化防止に最強な有名スーパーのシナモン。買っていいのはどっち？60代からの正しい選び方と許容量はどれくらい？【食で長生き】,https://www.youtube.com/watch?v=8R-0mmsxuPM,食で長生き【60歳からの正しい食生活】,54000,133597,2.47,2026-03-20,1132,専門家の解説型,スパイス 効果 健康,スパイス軸,1年以内,ja,https://i.ytimg.com/vi/8R-0mmsxuPM/maxresdefault.jpg
主枠,【衝撃】「発酵食品＝腸活」は時代遅れ！？全日本人がやるべき『本当の腸活』を医師が解説：七合診療所 所長 本間 真二郎,https://www.youtube.com/watch?v=chkEywJIfko,ヘルスアカデミー公式YTチャンネル,294000,724461,2.46,2025-09-16,858,専門家の解説型,スパイス 効果 健康 / スパイス 腸内環境 / 腸活 レシピ,スパイス軸,1年以内,ja,https://i.ytimg.com/vi/chkEywJIfko/maxresdefault.jpg
主枠,【バターチキンカレー】このレシピ知ったら市販品に戻れなくなります,https://www.youtube.com/watch?v=KUbxAewqNk8,ドラゴンキッチン,100000,240922,2.41,2026-01-17,337,レシピ・料理型,カレー粉,カレー軸,1年以内,ja,https://i.ytimg.com/vi/KUbxAewqNk8/maxresdefault.jpg
主枠,【レビュー】激安レトルトカレーを食べ比べ！半分以上マズい！？【ずんだもん解説】,https://www.youtube.com/watch?v=FF1xccHfW78,かけそば【ずんだもん-食の情報】,88400,210690,2.38,2025-12-08,1722,専門家の解説型,カレールー 比較,カレー軸,1年以内,ja,https://i.ytimg.com/vi/FF1xccHfW78/maxresdefault.jpg
主枠,【糖尿病】ベジファーストはもう古い！？食べる順番を変えるだけで血糖値が劇的に下がる「新常識」を専門医が解説,https://www.youtube.com/watch?v=oh3lDzbq88k,糖尿病専門医 よしの内科クリニック,41400,87562,2.12,2026-02-14,912,専門家の解説型,血糖値 上げない 食べ方,血糖値・腸活軸,1年以内,ja,https://i.ytimg.com/vi/oh3lDzbq88k/maxresdefault.jpg
主枠,【食べたら糖尿病まっしぐら】血糖値・HbA1cが悪化する食べ物【現役糖尿病内科医】,https://www.youtube.com/watch?v=KKheuI-eaRY,血糖おじさんのセルフ治療,468000,986248,2.11,2025-10-11,627,専門家の解説型,カレー 血糖値 / 血糖値 上げない 食べ方,カレー軸,1年以内,ja,https://i.ytimg.com/vi/KKheuI-eaRY/maxresdefault.jpg
主枠,【ピーマンでコレ絶対やって！】簡単5分腸活にも良い！作り置き大量消費レシピ,https://www.youtube.com/watch?v=rFWexxKiuWw,リツの健康飯,110000,219910,2.00,2025-09-28,225,レシピ・料理型,腸活 レシピ,血糖値・腸活軸,1年以内,ja,https://i.ytimg.com/vi/rFWexxKiuWw/maxresdefault.jpg
主枠,【痩せるコンビニおやつ!?】私が-20kgのダイエットした体重をキープするために食べている罪悪感ゼロの太らないお菓子10選【糖尿病専門クリニック現役医師】,https://www.youtube.com/watch?v=3cN809Xdpg0,糖尿病の専門家,218000,427788,1.96,2026-01-03,780,専門家の解説型,血糖値 上げない 食べ方,血糖値・腸活軸,1年以内,ja,https://i.ytimg.com/vi/3cN809Xdpg0/maxresdefault.jpg
主枠,"【インナーケア】おすすめ食材からサプリまで✨皮膚の変態が続けてきた""美肌のための食事""を大公開👀これだけは摂って！【大野真理子】",https://www.youtube.com/watch?v=ERWPlBWpqc8,【美容家 | 皮膚の変態】大野真理子のご一緒よろしいですか,153000,294609,1.93,2025-11-15,849,専門家の解説型,スパイス 腸内環境,スパイス軸,1年以内,ja,https://i.ytimg.com/vi/ERWPlBWpqc8/maxresdefault.jpg
主枠,にんじんクリームチキンカレー,https://www.youtube.com/watch?v=LM26WCFV7Nc,長谷川あかり,265000,416248,1.57,2026-07-23,1206,レシピ・料理型,カレー粉,カレー軸,1年以内,ja,https://i.ytimg.com/vi/LM26WCFV7Nc/maxresdefault.jpg
主枠,【腸内環境改善】痩せたければこのSラインのものを摂ってください【糖尿病専門クリニック現役医師】,https://www.youtube.com/watch?v=b5PqchU6K0A,糖尿病の専門家,218000,320372,1.47,2026-07-04,1095,専門家の解説型,腸活 レシピ,血糖値・腸活軸,1年以内,ja,https://i.ytimg.com/vi/b5PqchU6K0A/maxresdefault.jpg
主枠,【9割が知らない】血糖値を爆上げてしまう本当の原因【糖尿病専門クリニック現役医師】,https://www.youtube.com/watch?v=LaKlCPjTKpo,糖尿病の専門家,218000,318125,1.46,2026-01-24,962,専門家の解説型,血糖値 上げない 食べ方,血糖値・腸活軸,1年以内,ja,https://i.ytimg.com/vi/LaKlCPjTKpo/maxresdefault.jpg
主枠,【材料3つ】混ぜるだけの最強腸活。内臓脂肪減少・高血圧・生活習慣病・コレステロールにも◎腸活効果をさらに高める乳酸菌アレンジメニューもご紹介します。,https://www.youtube.com/watch?v=-mePkrlebL8,糖質オフ専門・いずみの太らない食生活,322000,432152,1.34,2026-03-06,783,専門家の解説型,腸活 レシピ,血糖値・腸活軸,1年以内,ja,https://i.ytimg.com/vi/-mePkrlebL8/maxresdefault.jpg
主枠,【身近なのに】食べた方が血糖値・HbA1cにいいおやつ・お菓子【糖尿病専門クリニック現役医師】,https://www.youtube.com/watch?v=ma3pgfjLyxY,糖尿病の専門家,218000,280329,1.29,2025-09-27,999,専門家の解説型,血糖値 上げない 食べ方,血糖値・腸活軸,1年以内,ja,https://i.ytimg.com/vi/ma3pgfjLyxY/maxresdefault.jpg
主枠,薬味たっぷり出汁カレー,https://www.youtube.com/watch?v=TugIH6TeKKI,長谷川あかり,265000,339115,1.28,2026-04-23,1385,レシピ・料理型,カレー粉,カレー軸,1年以内,ja,https://i.ytimg.com/vi/TugIH6TeKKI/maxresdefault.jpg
主枠,【2000人が便秘薬卒業】3日で宿便3kgドバドバ出す！最強の腸内洗浄食材TOP5,https://www.youtube.com/watch?v=7xdqK3ejl3c,たくみ先生 | 40代からの食べやせ教室,192000,231431,1.21,2026-02-15,966,専門家の解説型,スパイス 腸内環境 / 腸活 レシピ,スパイス軸,1年以内,ja,https://i.ytimg.com/vi/7xdqK3ejl3c/maxresdefault.jpg
主枠,【切って混ぜるだけ】野菜を食べる万能常備菜。内臓脂肪減少・腸活・高血圧・生活習慣病・コレステロールにも◎,https://www.youtube.com/watch?v=Ip45UzCHeJE,糖質オフ専門・いずみの太らない食生活,322000,382004,1.19,2026-08-20,580,レシピ・料理型,腸活 レシピ,血糖値・腸活軸,1年以内,ja,https://i.ytimg.com/vi/Ip45UzCHeJE/maxresdefault.jpg
主枠,【食後に簡単】血糖値を下げる運動🍚立ったままできる全身トレーニング﻿ #459,https://www.youtube.com/watch?v=faMgtWUAgsg,カーディオ ワークアウト / Cardio Workout,223000,246201,1.10,2026-04-29,442,専門家の解説型,血糖値 上げない 食べ方,血糖値・腸活軸,1年以内,ja,https://i.ytimg.com/vi/faMgtWUAgsg/maxresdefault.jpg
主枠,甘いおやつを食べながらHbA1cが下がった人はコレを食べてました【現役糖尿病内科医】,https://www.youtube.com/watch?v=tojToiG17BY,血糖おじさんのセルフ治療,468000,503842,1.08,2025-09-06,812,専門家の解説型,血糖値 上げない 食べ方,血糖値・腸活軸,1年以内,ja,https://i.ytimg.com/vi/tojToiG17BY/maxresdefault.jpg
主枠,血糖値スパイクで爆睡が止まらないと悩むスバルに、ガチの医療従事者や糖尿病ニキから警告をもらい衝撃の事実に気付くホワるとスバ友ｗ雑談面白まとめ【大空スバル/ホロライブ/切り抜き】,https://www.youtube.com/watch?v=tpjMsYiVtJA,ほろおん!【ホロライブ観測所】,24400,615103,25.21,2024-11-29,624,専門家の解説型,カレー 血糖値,カレー軸,1〜2年(補完),ja,https://i.ytimg.com/vi/tpjMsYiVtJA/maxresdefault.jpg
主枠,カレーのルー、ランキング,https://www.youtube.com/watch?v=8dVyVgMley8,いらすとニュースチャンネル,174,3732,21.45,2025-07-05,198,専門家の解説型,カレールー 比較,カレー軸,1〜2年(補完),ja,https://i.ytimg.com/vi/8dVyVgMley8/maxresdefault.jpg
主枠,【腎臓病保存期の方向け】栄養士が教える！カリウム・塩分控えめでも美味しいカレーライスレシピ｜× 管理栄養士ファンデリー #料理 #腎臓病,https://www.youtube.com/watch?v=9k5budgRz60,透析病院ドットコム,16200,335745,20.73,2025-05-30,325,専門家の解説型,カレー 健康,カレー軸,1〜2年(補完),ja,https://i.ytimg.com/vi/9k5budgRz60/maxresdefault.jpg
主枠,基本のスパイスカレーの作り方【初級編】【永久保存版】,https://www.youtube.com/watch?v=dVw-xjhEj5c,YUKI / Spice Life,1780,17321,9.73,2024-10-01,1506,レシピ・料理型,スパイスカレー 健康,カレー軸,1〜2年(補完),ja,https://i.ytimg.com/vi/dVw-xjhEj5c/maxresdefault.jpg
主枠,老化した細胞を若返らせる!? 日々の疲れを癒す魔法のスパイス10選を大公開！【最新研究】,https://www.youtube.com/watch?v=BmmbQZ_c8F8,なんでも健康雑学【手軽に勉強】,592,5651,9.55,2024-10-23,709,専門家の解説型,クミン 効果 / スパイス 効果 健康,スパイス軸,1〜2年(補完),ja,https://i.ytimg.com/vi/BmmbQZ_c8F8/maxresdefault.jpg
主枠,【王道レトルトカレー食べ比べ】新ルール！パッケージ見ないで試食したら波乱！,https://www.youtube.com/watch?v=B8TDiAokb3E,さまぁ〜ずチャンネル,1100000,1122495,1.02,2025-05-30,1644,レシピ・料理型,カレールー 比較,カレー軸,1〜2年(補完),ja,https://i.ytimg.com/vi/B8TDiAokb3E/maxresdefault.jpg
参考枠,Eat Curry Leaves for 14 Days – See What Happens to Your Body!,https://www.youtube.com/watch?v=B5sW3OhAsug,Dr. Jiya Health Guide,86,15398,179.05,2026-07-16,330,専門家の解説型,curry health benefits,参考枠(英語),-,en,https://i.ytimg.com/vi/B5sW3OhAsug/maxresdefault.jpg
参考枠,How To Eat RICE Without Spiking Blood Sugar (The Cooling Hack),https://www.youtube.com/watch?v=_AF-9HAxuXA,DIABETES Made Simple,85,7220,84.94,2025-11-12,502,専門家の解説型,blood sugar rice,参考枠(英語),-,en,https://i.ytimg.com/vi/_AF-9HAxuXA/maxresdefault.jpg
参考枠,Add THIS to Turmeric to Kill Inflammation FAST (NOT Black Pepper)| Boost Turmeric Power |Dr. Mandell,https://www.youtube.com/watch?v=gy3zUn9VaO0,Health DR ALISHA,1440,74270,51.58,2025-12-15,1232,専門家の解説型,turmeric benefits,参考枠(英語),-,en,https://i.ytimg.com/vi/gy3zUn9VaO0/maxresdefault.jpg
参考枠,The Best Rice For Diabetes! How to Eat Rice to Lower Blood Sugar,https://www.youtube.com/watch?v=rEG8YstHZlA,Coach Sophie Hung,566,27580,48.73,2025-09-17,438,専門家の解説型,blood sugar rice,参考枠(英語),-,en,https://i.ytimg.com/vi/rEG8YstHZlA/maxresdefault.jpg
参考枠,This 1 Spice DESTROYS Bad Gut Bacteria & REPLACES Probiotics,https://www.youtube.com/watch?v=RhAMw4IN8wM,Health Pulse,482,15305,31.75,2026-07-05,1421,専門家の解説型,spices gut health,参考枠(英語),-,en,https://i.ytimg.com/vi/RhAMw4IN8wM/maxresdefault.jpg
参考枠,"Eat Bread, Rice, Potatoes WITHOUT Blood Sugar Spikes",https://www.youtube.com/watch?v=EIb-xmln6jY,Dr. Kenji Sato,24900,494965,19.88,2026-05-09,1257,専門家の解説型,blood sugar rice,参考枠(英語),-,en,https://i.ytimg.com/vi/EIb-xmln6jY/maxresdefault.jpg
参考枠,I Tested 13 Indian Rices… One Crashed My Glucose. Two Did Nothing.,https://www.youtube.com/watch?v=BxoXmNdlhoQ,Sweetreactions,65600,1211812,18.47,2025-08-05,1068,専門家の解説型,blood sugar rice,参考枠(英語),-,en,https://i.ytimg.com/vi/BxoXmNdlhoQ/maxresdefault.jpg
参考枠,Add THIS To Turmeric To Kill Inflammation (Not Black Pepper) | Boost Turmeric Power || Dr. Mandell,https://www.youtube.com/watch?v=G1RuY-AZcIw,Science of Healing,2600,43840,16.86,2025-11-27,1236,専門家の解説型,turmeric benefits,参考枠(英語),-,en,https://i.ytimg.com/vi/G1RuY-AZcIw/maxresdefault.jpg
参考枠,"“Erase Dark Spots Naturally ✨ | DIY Turmeric, Honey &t Lemon Face Mask for Glowing Skin”",https://www.youtube.com/watch?v=aF8zD_4i12U,Princesshaircare,2040,26957,13.21,2025-09-27,525,専門家の解説型,ターメリック 効果,スパイス軸,-,en,https://i.ytimg.com/vi/aF8zD_4i12U/maxresdefault.jpg
参考枠,"EAT Bread, Potatoes, Rice (Carbs) WITHOUT blood sugar spikes!",https://www.youtube.com/watch?v=BxEUCTlXS9Q,"Dr. Dazer (Adaeze Ozoh, MD)",207000,2564265,12.39,2024-12-04,1150,専門家の解説型,blood sugar rice,参考枠(英語),-,en,https://i.ytimg.com/vi/BxEUCTlXS9Q/maxresdefault.jpg
参考枠,Never Eat Turmeric With These 3 Foods – It Can Cause Serious Health Problems,https://www.youtube.com/watch?v=jGTwIvHNx3o,ELDER'S INSIGHT,98000,886463,9.05,2025-03-31,1423,専門家の解説型,ターメリック 効果,スパイス軸,-,en,https://i.ytimg.com/vi/jGTwIvHNx3o/maxresdefault.jpg
参考枠,കറിവേപ്പിലയുടെ അത്ഭുത ഗുണങ്ങൾ | Curry Leaves Health Benefits in Malayalam,https://www.youtube.com/watch?v=D0DoPyoCAOQ,Moments by sakee,5120,45194,8.83,2026-08-27,7940,専門家の解説型,curry health benefits,参考枠(英語),-,en,https://i.ytimg.com/vi/D0DoPyoCAOQ/maxresdefault.jpg
参考枠,Just Turmeric Powder! Anthurium Grows Healthy and Blooms All Year,https://www.youtube.com/watch?v=Xz6bJTX13OM,Plant Care Garden,9480,76595,8.08,2026-07-16,810,専門家の解説型,ターメリック 効果,スパイス軸,-,en,https://i.ytimg.com/vi/Xz6bJTX13OM/maxresdefault.jpg
参考枠,How to CONSUME TURMERIC DAILY FOR MAXIMUM BENEFITS,https://www.youtube.com/watch?v=LCKhUv-9VR8,"SCImplify, PhD",358000,2844074,7.94,2024-09-24,330,専門家の解説型,turmeric benefits / ターメリック 効果,スパイス軸,-,en,https://i.ytimg.com/vi/LCKhUv-9VR8/maxresdefault.jpg
参考枠,How to Reduce INFLAMMATION Naturally! | Gut Health | Maharishi Ayurveda,https://www.youtube.com/watch?v=YBKcnNf3L2k,Maharishi Ayurveda,99200,771056,7.77,2025-09-29,572,専門家の解説型,spices gut health,参考枠(英語),-,en,https://i.ytimg.com/vi/YBKcnNf3L2k/maxresdefault.jpg
参考枠,Eggs and Jackfruit: Are these the Best Diabetic-Friendly Foods? Dr Anoop Misra,https://www.youtube.com/watch?v=pWOQC7rW77M,Health Wealth,138000,1043539,7.56,2026-06-13,4656,専門家の解説型,blood sugar rice,参考枠(英語),-,en,https://i.ytimg.com/vi/pWOQC7rW77M/maxresdefault.jpg
参考枠,Benefits Of Turmeric For Liver Health - HIDDEN SUPERFOOD!,https://www.youtube.com/watch?v=w40mDldBu94,Dr. Chen,320,2146,6.71,2026-03-22,242,専門家の解説型,turmeric benefits,参考枠(英語),-,en,https://i.ytimg.com/vi/w40mDldBu94/maxresdefault.jpg
参考枠,සුද්දො කහ වලට වහ වැටිලද? | The Hidden Power of Turmeric (Curcumin) | Sam's Talk,https://www.youtube.com/watch?v=xqEKN19ZX-c,Sam's Talk,44600,241033,5.40,2025-10-04,930,専門家の解説型,turmeric benefits,参考枠(英語),-,en,https://i.ytimg.com/vi/xqEKN19ZX-c/maxresdefault.jpg
参考枠,"[Gas Human] Making authentic curry with my junior, UTA-kun",https://www.youtube.com/watch?v=aVd-7PL4t2s,冨永愛 / Ai Tominaga,52200,251729,4.82,2026-08-31,1374,専門家の解説型,カレー粉,カレー軸,-,en,https://i.ytimg.com/vi/aVd-7PL4t2s/maxresdefault.jpg
参考枠,5-Minute Lentil Bread for Lowering Blood Sugar 🩸,https://www.youtube.com/watch?v=ds3vuIxWIik,Kochen Familie Cool,971000,4408626,4.54,2025-10-07,891,専門家の解説型,blood sugar rice,参考枠(英語),-,en,https://i.ytimg.com/vi/ds3vuIxWIik/maxresdefault.jpg
参考枠,Forget probiotics — This 1 spice flushes bad gut bacteria in 24 hours,https://www.youtube.com/watch?v=H6IjUuALAU8,Healthy Aging,49000,207845,4.24,2026-04-01,1089,専門家の解説型,spices gut health,参考枠(英語),-,en,https://i.ytimg.com/vi/H6IjUuALAU8/maxresdefault.jpg
参考枠,"EAT Bread, Rice (Carbs), Potatoes WITHOUT Blood Sugar Spikes!",https://www.youtube.com/watch?v=wPA2Q7lr8sU,Senior Health Blog,141000,597690,4.24,2025-11-11,1705,専門家の解説型,blood sugar rice,参考枠(英語),-,en,https://i.ytimg.com/vi/wPA2Q7lr8sU/maxresdefault.jpg
参考枠,"Gas, Bloating, and Rumbling? This Spice Saves Your Gut",https://www.youtube.com/watch?v=xNbpPSVpvmw,Ирина Шиманская l Школа нутрициологии Holistica,232000,945121,4.07,2026-05-10,417,専門家の解説型,spices gut health,参考枠(英語),-,en,https://i.ytimg.com/vi/xNbpPSVpvmw/maxresdefault.jpg
参考枠,Take HONEY with TURMERIC After 50 this what happen After Just 1 Week!,https://www.youtube.com/watch?v=wgxSjs8lilQ,One Small Jar,257000,970862,3.78,2024-09-20,1063,専門家の解説型,turmeric benefits,参考枠(英語),-,en,https://i.ytimg.com/vi/wgxSjs8lilQ/maxresdefault.jpg
参考枠,TURMERIC: Mga BENEPISYO at Epekto sa Kalusugan,https://www.youtube.com/watch?v=5jvy_9OXrtw,MedikoPh,156000,585029,3.75,2025-12-10,910,専門家の解説型,turmeric benefits,参考枠(英語),-,en,https://i.ytimg.com/vi/5jvy_9OXrtw/maxresdefault.jpg
参考枠,4 Spices that Prevent & Kill Cancer (Start NOW!),https://www.youtube.com/watch?v=g40_qAvjoFo,Dr. Amy - Cancer Researcher & Cancer Survivor,278000,1005192,3.62,2026-01-21,709,専門家の解説型,turmeric benefits,参考枠(英語),-,en,https://i.ytimg.com/vi/g40_qAvjoFo/maxresdefault.jpg
参考枠,"Eat Bread, Rice, Potatoes WITHOUT Blood Sugar Spikes",https://www.youtube.com/watch?v=Ed2kky2yClA,Leonid Kim MD,881000,3143271,3.57,2025-10-27,552,専門家の解説型,blood sugar rice,参考枠(英語),-,en,https://i.ytimg.com/vi/Ed2kky2yClA/maxresdefault.jpg
参考枠,The Best Rice For Diabetes! I Finally Found It!,https://www.youtube.com/watch?v=FcrAweFVE-I,Type One Talks,431000,1410094,3.27,2025-02-01,934,専門家の解説型,blood sugar rice,参考枠(英語),-,en,https://i.ytimg.com/vi/FcrAweFVE-I/maxresdefault.jpg
参考枠,How Much Does Eating Rice Raise Blood Sugar in Diabetes? | You'll Be Shocked by the Truth,https://www.youtube.com/watch?v=A3h0NGjooMA,AyurLife,9220,29224,3.17,2026-06-16,696,専門家の解説型,blood sugar rice,参考枠(英語),-,en,https://i.ytimg.com/vi/A3h0NGjooMA/maxresdefault.jpg
参考枠,"Moringa vs Turmeric: Best Superfood for Immunity, Energy & Anti-Inflammation",https://www.youtube.com/watch?v=tQhyokuDpcw,Health Daily Guide,469,1459,3.11,2025-09-24,1250,専門家の解説型,turmeric benefits,参考枠(英語),-,en,https://i.ytimg.com/vi/tQhyokuDpcw/maxresdefault.jpg
参考枠,Never Eat Turmeric With These 3 Foods - Deadly Food Combos with Turmeric,https://www.youtube.com/watch?v=htCyDqqIqUE,Health Guide,190000,467902,2.46,2025-04-01,1441,専門家の解説型,ターメリック 効果,スパイス軸,-,en,https://i.ytimg.com/vi/htCyDqqIqUE/maxresdefault.jpg
参考枠,What's the difference between cheap and expensive curry roux? A taste test revealed some surprisi...,https://www.youtube.com/watch?v=kos1kb0Oaeo,生活知恵袋,11300,27448,2.43,2026-05-08,348,専門家の解説型,カレールー 比較,カレー軸,-,en,https://i.ytimg.com/vi/kos1kb0Oaeo/maxresdefault.jpg
参考枠,"GAS, BLOATING, RUMBLING? This spice saves your gut",https://www.youtube.com/watch?v=UZkLN4XILC8,Доктор Булат Ибрагимов,66400,159134,2.40,2026-05-26,2677,専門家の解説型,spices gut health,参考枠(英語),-,en,https://i.ytimg.com/vi/UZkLN4XILC8/maxresdefault.jpg
参考枠,Stop Taking Fibre: This 1 Spice Flushes Bad Gut Bacteria Instantly | Dr Sebi,https://www.youtube.com/watch?v=qBAEZfqMUpI,HealthQuest,203000,482514,2.38,2026-03-27,981,専門家の解説型,spices gut health,参考枠(英語),-,en,https://i.ytimg.com/vi/qBAEZfqMUpI/maxresdefault.jpg
参考枠,Curry Leaves: The Superfood Your Body Needs! | Good Health Assamese,https://www.youtube.com/watch?v=hh9PkbtbUmU,GOOD HEALTH - ASSAMESE HEALTH VIDEOS,12100,28633,2.37,2026-07-20,531,専門家の解説型,curry health benefits,参考枠(英語),-,en,https://i.ytimg.com/vi/hh9PkbtbUmU/maxresdefault.jpg
参考枠,ਇਸ ਤਰੀਕੇ ਨਾਲ ਖਾਓ ਹਲਦੀ – ਫਾਇਦੇ 2000% ਵਧਣਗੇ | Turmeric Benefits ਸਿਕ੍ਰੇਟਸ || Healthy Duniya Punjabi,https://www.youtube.com/watch?v=DGpwKTUaPCg,Healthy Duniya Punjabi,29500,67543,2.29,2025-09-02,1310,専門家の解説型,turmeric benefits,参考枠(英語),-,en,https://i.ytimg.com/vi/DGpwKTUaPCg/maxresdefault.jpg
参考枠,3 Pagkain na 'Di Dapat Isinasabay sa Turmeric at 3 na Dapat Isabay Alamin Bakit!,https://www.youtube.com/watch?v=VABMOO8DVwE,Gintong Sustansya 🌿🍂,47900,105958,2.21,2025-09-14,1062,専門家の解説型,turmeric benefits,参考枠(英語),-,en,https://i.ytimg.com/vi/VABMOO8DVwE/maxresdefault.jpg
参考枠,Medicube Turmeric – Should You Buy or Bye?,https://www.youtube.com/watch?v=SBBmMuGZ89g,BME Kween,13900,29401,2.12,2025-12-07,868,専門家の解説型,ターメリック 効果,スパイス軸,-,en,https://i.ytimg.com/vi/SBBmMuGZ89g/maxresdefault.jpg
参考枠,🌿 सकाळी उपाशीपोटी हळदीचे पाणी प्यायल्यास काय होते? ११ जबरदस्त फायदे!|Turmeric Water Benefits #health,https://www.youtube.com/watch?v=X16FfEUmEds,Priyanka's Kitchen Tips,165000,324830,1.97,2026-09-02,786,専門家の解説型,turmeric benefits,参考枠(英語),-,other,https://i.ytimg.com/vi/X16FfEUmEds/maxresdefault.jpg
参考枠,3 Simple After‑Meal Habits to Control Blood Sugar Spikes (Doctor’s Guide),https://www.youtube.com/watch?v=ZTv-hZlhnqo,Dr Sumit Kapadia Vascular Surgeon,394000,650507,1.65,2025-12-13,507,専門家の解説型,blood sugar rice,参考枠(英語),-,en,https://i.ytimg.com/vi/ZTv-hZlhnqo/maxresdefault.jpg
参考枠,My ultimate anti-inflammatory bone broth for gut health and immunity,https://www.youtube.com/watch?v=4iswJTdV-oo,The Doctor's Kitchen,762000,1091636,1.43,2025-11-02,539,専門家の解説型,spices gut health,参考枠(英語),-,en,https://i.ytimg.com/vi/4iswJTdV-oo/maxresdefault.jpg
参考枠,சுகர் நோயாளிகள் பயமில்லாமல் சோறு சாப்பிட 8 டிப்ஸ்! Diabetes tips in Tamil,https://www.youtube.com/watch?v=ITvpLJV6xMY,Sri Parvathi Diabetic Hospital,334000,403351,1.21,2026-06-27,566,専門家の解説型,blood sugar rice,参考枠(英語),-,other,https://i.ytimg.com/vi/ITvpLJV6xMY/maxresdefault.jpg
参考枠,6 Best Foods to Reverse Diabetes & Lower Blood Sugar | Fit Tuber Hindi,https://www.youtube.com/watch?v=s3YzO0xO-mo,Fit Tuber Hindi,4700000,5596707,1.19,2025-03-28,1039,専門家の解説型,blood sugar rice,参考枠(英語),-,en,https://i.ytimg.com/vi/s3YzO0xO-mo/maxresdefault.jpg
参考枠,5 Easy Rice Hacks For Diabetics To Lower Blood Sugar Instantly | Doctor Explains,https://www.youtube.com/watch?v=Au0vG3qw4tU,Dr Rohini Patil,263000,290663,1.11,2025-10-17,661,専門家の解説型,blood sugar rice,参考枠(英語),-,en,https://i.ytimg.com/vi/Au0vG3qw4tU/maxresdefault.jpg
